{
  "Petición HTTP" : {
    "transaction" : "Petición HTTP",
    "sampleCount" : 100,
    "errorCount" : 100,
    "errorPct" : 100.0,
    "meanResTime" : 135768.31000000006,
    "medianResTime" : 135777.0,
    "minResTime" : 135285.0,
    "maxResTime" : 136163.0,
    "pct1ResTime" : 136142.0,
    "pct2ResTime" : 136150.85,
    "pct3ResTime" : 136162.99,
    "throughput" : 0.734370754419076,
    "receivedKBytesPerSec" : 2.0259740051112205,
    "sentKBytesPerSec" : 0.0
  },
  "Total" : {
    "transaction" : "Total",
    "sampleCount" : 100,
    "errorCount" : 100,
    "errorPct" : 100.0,
    "meanResTime" : 135768.31000000006,
    "medianResTime" : 135777.0,
    "minResTime" : 135285.0,
    "maxResTime" : 136163.0,
    "pct1ResTime" : 136142.0,
    "pct2ResTime" : 136150.85,
    "pct3ResTime" : 136162.99,
    "throughput" : 0.734370754419076,
    "receivedKBytesPerSec" : 2.0259740051112205,
    "sentKBytesPerSec" : 0.0
  }
}