{
  "Petición HTTP" : {
    "transaction" : "Petición HTTP",
    "sampleCount" : 100,
    "errorCount" : 100,
    "errorPct" : 100.0,
    "meanResTime" : 135377.93999999994,
    "medianResTime" : 135388.5,
    "minResTime" : 134891.0,
    "maxResTime" : 135770.0,
    "pct1ResTime" : 135758.0,
    "pct2ResTime" : 135762.9,
    "pct3ResTime" : 135769.99,
    "throughput" : 0.7364637954398161,
    "receivedKBytesPerSec" : 2.0317482637866022,
    "sentKBytesPerSec" : 0.0
  },
  "Total" : {
    "transaction" : "Total",
    "sampleCount" : 100,
    "errorCount" : 100,
    "errorPct" : 100.0,
    "meanResTime" : 135377.93999999994,
    "medianResTime" : 135388.5,
    "minResTime" : 134891.0,
    "maxResTime" : 135770.0,
    "pct1ResTime" : 135758.0,
    "pct2ResTime" : 135762.9,
    "pct3ResTime" : 135769.99,
    "throughput" : 0.7364637954398161,
    "receivedKBytesPerSec" : 2.0317482637866022,
    "sentKBytesPerSec" : 0.0
  }
}