{
  "Petición HTTP" : {
    "transaction" : "Petición HTTP",
    "sampleCount" : 100,
    "errorCount" : 100,
    "errorPct" : 100.0,
    "meanResTime" : 134624.63000000003,
    "medianResTime" : 134633.0,
    "minResTime" : 134137.0,
    "maxResTime" : 135001.0,
    "pct1ResTime" : 134994.0,
    "pct2ResTime" : 134997.95,
    "pct3ResTime" : 135000.99,
    "throughput" : 0.7406913613166529,
    "receivedKBytesPerSec" : 2.043411226288618,
    "sentKBytesPerSec" : 0.0
  },
  "Total" : {
    "transaction" : "Total",
    "sampleCount" : 100,
    "errorCount" : 100,
    "errorPct" : 100.0,
    "meanResTime" : 134624.63000000003,
    "medianResTime" : 134633.0,
    "minResTime" : 134137.0,
    "maxResTime" : 135001.0,
    "pct1ResTime" : 134994.0,
    "pct2ResTime" : 134997.95,
    "pct3ResTime" : 135000.99,
    "throughput" : 0.7406913613166529,
    "receivedKBytesPerSec" : 2.043411226288618,
    "sentKBytesPerSec" : 0.0
  }
}