{
  "Petición HTTP" : {
    "transaction" : "Petición HTTP",
    "sampleCount" : 100,
    "errorCount" : 100,
    "errorPct" : 100.0,
    "meanResTime" : 134793.58000000002,
    "medianResTime" : 134802.0,
    "minResTime" : 134309.0,
    "maxResTime" : 135176.0,
    "pct1ResTime" : 135171.0,
    "pct2ResTime" : 135173.0,
    "pct3ResTime" : 135175.98,
    "throughput" : 0.7397708190002736,
    "receivedKBytesPerSec" : 2.0408716442146226,
    "sentKBytesPerSec" : 0.0
  },
  "Total" : {
    "transaction" : "Total",
    "sampleCount" : 100,
    "errorCount" : 100,
    "errorPct" : 100.0,
    "meanResTime" : 134793.58000000002,
    "medianResTime" : 134802.0,
    "minResTime" : 134309.0,
    "maxResTime" : 135176.0,
    "pct1ResTime" : 135171.0,
    "pct2ResTime" : 135173.0,
    "pct3ResTime" : 135175.98,
    "throughput" : 0.7397708190002736,
    "receivedKBytesPerSec" : 2.0408716442146226,
    "sentKBytesPerSec" : 0.0
  }
}