{
  "Petición HTTP" : {
    "transaction" : "Petición HTTP",
    "sampleCount" : 100,
    "errorCount" : 100,
    "errorPct" : 100.0,
    "meanResTime" : 133215.7699999999,
    "medianResTime" : 133228.0,
    "minResTime" : 132722.0,
    "maxResTime" : 133619.0,
    "pct1ResTime" : 133600.9,
    "pct2ResTime" : 133603.9,
    "pct3ResTime" : 133618.99,
    "throughput" : 0.7483853585888446,
    "receivedKBytesPerSec" : 2.0646373418100445,
    "sentKBytesPerSec" : 0.0
  },
  "Total" : {
    "transaction" : "Total",
    "sampleCount" : 100,
    "errorCount" : 100,
    "errorPct" : 100.0,
    "meanResTime" : 133215.7699999999,
    "medianResTime" : 133228.0,
    "minResTime" : 132722.0,
    "maxResTime" : 133619.0,
    "pct1ResTime" : 133600.9,
    "pct2ResTime" : 133603.9,
    "pct3ResTime" : 133618.99,
    "throughput" : 0.7483853585888446,
    "receivedKBytesPerSec" : 2.0646373418100445,
    "sentKBytesPerSec" : 0.0
  }
}