{
  "Petición HTTP" : {
    "transaction" : "Petición HTTP",
    "sampleCount" : 100,
    "errorCount" : 100,
    "errorPct" : 100.0,
    "meanResTime" : 133728.46000000014,
    "medianResTime" : 132902.5,
    "minResTime" : 132403.0,
    "maxResTime" : 136490.0,
    "pct1ResTime" : 136395.3,
    "pct2ResTime" : 136451.5,
    "pct3ResTime" : 136489.9,
    "throughput" : 0.7293946024799417,
    "receivedKBytesPerSec" : 2.0122458515681987,
    "sentKBytesPerSec" : 0.0
  },
  "Total" : {
    "transaction" : "Total",
    "sampleCount" : 100,
    "errorCount" : 100,
    "errorPct" : 100.0,
    "meanResTime" : 133728.46000000014,
    "medianResTime" : 132902.5,
    "minResTime" : 132403.0,
    "maxResTime" : 136490.0,
    "pct1ResTime" : 136395.3,
    "pct2ResTime" : 136451.5,
    "pct3ResTime" : 136489.9,
    "throughput" : 0.7293946024799417,
    "receivedKBytesPerSec" : 2.0122458515681987,
    "sentKBytesPerSec" : 0.0
  }
}