{
  "Petición HTTP" : {
    "transaction" : "Petición HTTP",
    "sampleCount" : 100,
    "errorCount" : 100,
    "errorPct" : 100.0,
    "meanResTime" : 134707.26,
    "medianResTime" : 134710.5,
    "minResTime" : 134221.0,
    "maxResTime" : 135100.0,
    "pct1ResTime" : 135081.0,
    "pct2ResTime" : 135086.95,
    "pct3ResTime" : 135099.98,
    "throughput" : 0.740176013856095,
    "receivedKBytesPerSec" : 2.041989491351043,
    "sentKBytesPerSec" : 0.0
  },
  "Total" : {
    "transaction" : "Total",
    "sampleCount" : 100,
    "errorCount" : 100,
    "errorPct" : 100.0,
    "meanResTime" : 134707.26,
    "medianResTime" : 134710.5,
    "minResTime" : 134221.0,
    "maxResTime" : 135100.0,
    "pct1ResTime" : 135081.0,
    "pct2ResTime" : 135086.95,
    "pct3ResTime" : 135099.98,
    "throughput" : 0.740176013856095,
    "receivedKBytesPerSec" : 2.041989491351043,
    "sentKBytesPerSec" : 0.0
  }
}