{
  "Petición HTTP" : {
    "transaction" : "Petición HTTP",
    "sampleCount" : 100,
    "errorCount" : 100,
    "errorPct" : 100.0,
    "meanResTime" : 135815.17999999996,
    "medianResTime" : 135817.0,
    "minResTime" : 135325.0,
    "maxResTime" : 136227.0,
    "pct1ResTime" : 136211.1,
    "pct2ResTime" : 136218.0,
    "pct3ResTime" : 136226.94,
    "throughput" : 0.7340634818099069,
    "receivedKBytesPerSec" : 2.0251263047978387,
    "sentKBytesPerSec" : 0.0
  },
  "Total" : {
    "transaction" : "Total",
    "sampleCount" : 100,
    "errorCount" : 100,
    "errorPct" : 100.0,
    "meanResTime" : 135815.17999999996,
    "medianResTime" : 135817.0,
    "minResTime" : 135325.0,
    "maxResTime" : 136227.0,
    "pct1ResTime" : 136211.1,
    "pct2ResTime" : 136218.0,
    "pct3ResTime" : 136226.94,
    "throughput" : 0.7340634818099069,
    "receivedKBytesPerSec" : 2.0251263047978387,
    "sentKBytesPerSec" : 0.0
  }
}