{
  "Petición HTTP" : {
    "transaction" : "Petición HTTP",
    "sampleCount" : 100,
    "errorCount" : 100,
    "errorPct" : 100.0,
    "meanResTime" : 135021.83,
    "medianResTime" : 135995.5,
    "minResTime" : 132395.0,
    "maxResTime" : 136485.0,
    "pct1ResTime" : 136390.7,
    "pct2ResTime" : 136446.45,
    "pct3ResTime" : 136484.95,
    "throughput" : 0.7316412909078936,
    "receivedKBytesPerSec" : 2.0184439910300775,
    "sentKBytesPerSec" : 0.0
  },
  "Total" : {
    "transaction" : "Total",
    "sampleCount" : 100,
    "errorCount" : 100,
    "errorPct" : 100.0,
    "meanResTime" : 135021.83,
    "medianResTime" : 135995.5,
    "minResTime" : 132395.0,
    "maxResTime" : 136485.0,
    "pct1ResTime" : 136390.7,
    "pct2ResTime" : 136446.45,
    "pct3ResTime" : 136484.95,
    "throughput" : 0.7316412909078936,
    "receivedKBytesPerSec" : 2.0184439910300775,
    "sentKBytesPerSec" : 0.0
  }
}