{
  "Petición HTTP" : {
    "transaction" : "Petición HTTP",
    "sampleCount" : 100,
    "errorCount" : 100,
    "errorPct" : 100.0,
    "meanResTime" : 134320.51,
    "medianResTime" : 134327.0,
    "minResTime" : 133828.0,
    "maxResTime" : 134714.0,
    "pct1ResTime" : 134706.0,
    "pct2ResTime" : 134708.0,
    "pct3ResTime" : 134713.98,
    "throughput" : 0.7421701053881549,
    "receivedKBytesPerSec" : 2.0474907692593143,
    "sentKBytesPerSec" : 0.0
  },
  "Total" : {
    "transaction" : "Total",
    "sampleCount" : 100,
    "errorCount" : 100,
    "errorPct" : 100.0,
    "meanResTime" : 134320.51,
    "medianResTime" : 134327.0,
    "minResTime" : 133828.0,
    "maxResTime" : 134714.0,
    "pct1ResTime" : 134706.0,
    "pct2ResTime" : 134708.0,
    "pct3ResTime" : 134713.98,
    "throughput" : 0.7421701053881549,
    "receivedKBytesPerSec" : 2.0474907692593143,
    "sentKBytesPerSec" : 0.0
  }
}