{
  "Petición HTTP" : {
    "transaction" : "Petición HTTP",
    "sampleCount" : 100,
    "errorCount" : 100,
    "errorPct" : 100.0,
    "meanResTime" : 136144.80000000002,
    "medianResTime" : 136159.0,
    "minResTime" : 135658.0,
    "maxResTime" : 136524.0,
    "pct1ResTime" : 136515.0,
    "pct2ResTime" : 136518.0,
    "pct3ResTime" : 136523.95,
    "throughput" : 0.732429027627223,
    "receivedKBytesPerSec" : 2.020617190475493,
    "sentKBytesPerSec" : 0.0
  },
  "Total" : {
    "transaction" : "Total",
    "sampleCount" : 100,
    "errorCount" : 100,
    "errorPct" : 100.0,
    "meanResTime" : 136144.80000000002,
    "medianResTime" : 136159.0,
    "minResTime" : 135658.0,
    "maxResTime" : 136524.0,
    "pct1ResTime" : 136515.0,
    "pct2ResTime" : 136518.0,
    "pct3ResTime" : 136523.95,
    "throughput" : 0.732429027627223,
    "receivedKBytesPerSec" : 2.020617190475493,
    "sentKBytesPerSec" : 0.0
  }
}