{
  "Petición HTTP" : {
    "transaction" : "Petición HTTP",
    "sampleCount" : 100,
    "errorCount" : 100,
    "errorPct" : 100.0,
    "meanResTime" : 133788.71000000002,
    "medianResTime" : 132897.5,
    "minResTime" : 132407.0,
    "maxResTime" : 136484.0,
    "pct1ResTime" : 136395.0,
    "pct2ResTime" : 136442.6,
    "pct3ResTime" : 136483.91,
    "throughput" : 0.7294956996228507,
    "receivedKBytesPerSec" : 2.012524757260306,
    "sentKBytesPerSec" : 0.0
  },
  "Total" : {
    "transaction" : "Total",
    "sampleCount" : 100,
    "errorCount" : 100,
    "errorPct" : 100.0,
    "meanResTime" : 133788.71000000002,
    "medianResTime" : 132897.5,
    "minResTime" : 132407.0,
    "maxResTime" : 136484.0,
    "pct1ResTime" : 136395.0,
    "pct2ResTime" : 136442.6,
    "pct3ResTime" : 136483.91,
    "throughput" : 0.7294956996228507,
    "receivedKBytesPerSec" : 2.012524757260306,
    "sentKBytesPerSec" : 0.0
  }
}