{
  "Petición HTTP" : {
    "transaction" : "Petición HTTP",
    "sampleCount" : 100,
    "errorCount" : 100,
    "errorPct" : 100.0,
    "meanResTime" : 135802.8199999999,
    "medianResTime" : 135810.0,
    "minResTime" : 135305.0,
    "maxResTime" : 136203.0,
    "pct1ResTime" : 136179.0,
    "pct2ResTime" : 136185.85,
    "pct3ResTime" : 136202.93,
    "throughput" : 0.7341173706852252,
    "receivedKBytesPerSec" : 2.0252749728376576,
    "sentKBytesPerSec" : 0.0
  },
  "Total" : {
    "transaction" : "Total",
    "sampleCount" : 100,
    "errorCount" : 100,
    "errorPct" : 100.0,
    "meanResTime" : 135802.8199999999,
    "medianResTime" : 135810.0,
    "minResTime" : 135305.0,
    "maxResTime" : 136203.0,
    "pct1ResTime" : 136179.0,
    "pct2ResTime" : 136185.85,
    "pct3ResTime" : 136202.93,
    "throughput" : 0.7341173706852252,
    "receivedKBytesPerSec" : 2.0252749728376576,
    "sentKBytesPerSec" : 0.0
  }
}