{
  "Petición HTTP" : {
    "transaction" : "Petición HTTP",
    "sampleCount" : 100,
    "errorCount" : 100,
    "errorPct" : 100.0,
    "meanResTime" : 133382.93,
    "medianResTime" : 133388.0,
    "minResTime" : 132889.0,
    "maxResTime" : 133779.0,
    "pct1ResTime" : 133769.9,
    "pct2ResTime" : 133774.9,
    "pct3ResTime" : 133778.99,
    "throughput" : 0.7474176719434354,
    "receivedKBytesPerSec" : 2.0619676984767628,
    "sentKBytesPerSec" : 0.0
  },
  "Total" : {
    "transaction" : "Total",
    "sampleCount" : 100,
    "errorCount" : 100,
    "errorPct" : 100.0,
    "meanResTime" : 133382.93,
    "medianResTime" : 133388.0,
    "minResTime" : 132889.0,
    "maxResTime" : 133779.0,
    "pct1ResTime" : 133769.9,
    "pct2ResTime" : 133774.9,
    "pct3ResTime" : 133778.99,
    "throughput" : 0.7474176719434354,
    "receivedKBytesPerSec" : 2.0619676984767628,
    "sentKBytesPerSec" : 0.0
  }
}