{
  "Petición HTTP" : {
    "transaction" : "Petición HTTP",
    "sampleCount" : 100,
    "errorCount" : 100,
    "errorPct" : 100.0,
    "meanResTime" : 136230.47999999992,
    "medianResTime" : 136235.5,
    "minResTime" : 135739.0,
    "maxResTime" : 136630.0,
    "pct1ResTime" : 136614.9,
    "pct2ResTime" : 136620.95,
    "pct3ResTime" : 136629.97,
    "throughput" : 0.7318876113384029,
    "receivedKBytesPerSec" : 2.0191235371396368,
    "sentKBytesPerSec" : 0.0
  },
  "Total" : {
    "transaction" : "Total",
    "sampleCount" : 100,
    "errorCount" : 100,
    "errorPct" : 100.0,
    "meanResTime" : 136230.47999999992,
    "medianResTime" : 136235.5,
    "minResTime" : 135739.0,
    "maxResTime" : 136630.0,
    "pct1ResTime" : 136614.9,
    "pct2ResTime" : 136620.95,
    "pct3ResTime" : 136629.97,
    "throughput" : 0.7318876113384029,
    "receivedKBytesPerSec" : 2.0191235371396368,
    "sentKBytesPerSec" : 0.0
  }
}