{
  "Petición HTTP" : {
    "transaction" : "Petición HTTP",
    "sampleCount" : 100,
    "errorCount" : 100,
    "errorPct" : 100.0,
    "meanResTime" : 133351.60999999993,
    "medianResTime" : 132892.5,
    "minResTime" : 132399.0,
    "maxResTime" : 136485.0,
    "pct1ResTime" : 136392.9,
    "pct2ResTime" : 136444.45,
    "pct3ResTime" : 136484.89,
    "throughput" : 0.7287354981635865,
    "receivedKBytesPerSec" : 2.0104275217891914,
    "sentKBytesPerSec" : 0.0
  },
  "Total" : {
    "transaction" : "Total",
    "sampleCount" : 100,
    "errorCount" : 100,
    "errorPct" : 100.0,
    "meanResTime" : 133351.60999999993,
    "medianResTime" : 132892.5,
    "minResTime" : 132399.0,
    "maxResTime" : 136485.0,
    "pct1ResTime" : 136392.9,
    "pct2ResTime" : 136444.45,
    "pct3ResTime" : 136484.89,
    "throughput" : 0.7287354981635865,
    "receivedKBytesPerSec" : 2.0104275217891914,
    "sentKBytesPerSec" : 0.0
  }
}