{
  "Petición HTTP" : {
    "transaction" : "Petición HTTP",
    "sampleCount" : 100,
    "errorCount" : 100,
    "errorPct" : 100.0,
    "meanResTime" : 135485.32999999996,
    "medianResTime" : 135499.5,
    "minResTime" : 135002.0,
    "maxResTime" : 135877.0,
    "pct1ResTime" : 135867.8,
    "pct2ResTime" : 135870.95,
    "pct3ResTime" : 135876.98,
    "throughput" : 0.7359218156663037,
    "receivedKBytesPerSec" : 2.0302530559153396,
    "sentKBytesPerSec" : 0.0
  },
  "Total" : {
    "transaction" : "Total",
    "sampleCount" : 100,
    "errorCount" : 100,
    "errorPct" : 100.0,
    "meanResTime" : 135485.32999999996,
    "medianResTime" : 135499.5,
    "minResTime" : 135002.0,
    "maxResTime" : 135877.0,
    "pct1ResTime" : 135867.8,
    "pct2ResTime" : 135870.95,
    "pct3ResTime" : 135876.98,
    "throughput" : 0.7359218156663037,
    "receivedKBytesPerSec" : 2.0302530559153396,
    "sentKBytesPerSec" : 0.0
  }
}