{
  "Petición HTTP" : {
    "transaction" : "Petición HTTP",
    "sampleCount" : 100,
    "errorCount" : 100,
    "errorPct" : 100.0,
    "meanResTime" : 134732.53,
    "medianResTime" : 134742.0,
    "minResTime" : 134249.0,
    "maxResTime" : 135137.0,
    "pct1ResTime" : 135112.9,
    "pct2ResTime" : 135115.0,
    "pct3ResTime" : 135136.99,
    "throughput" : 0.7399295587060112,
    "receivedKBytesPerSec" : 2.0413095735785953,
    "sentKBytesPerSec" : 0.0
  },
  "Total" : {
    "transaction" : "Total",
    "sampleCount" : 100,
    "errorCount" : 100,
    "errorPct" : 100.0,
    "meanResTime" : 134732.53,
    "medianResTime" : 134742.0,
    "minResTime" : 134249.0,
    "maxResTime" : 135137.0,
    "pct1ResTime" : 135112.9,
    "pct2ResTime" : 135115.0,
    "pct3ResTime" : 135136.99,
    "throughput" : 0.7399295587060112,
    "receivedKBytesPerSec" : 2.0413095735785953,
    "sentKBytesPerSec" : 0.0
  }
}