{
  "Petición HTTP" : {
    "transaction" : "Petición HTTP",
    "sampleCount" : 100,
    "errorCount" : 100,
    "errorPct" : 100.0,
    "meanResTime" : 133245.44,
    "medianResTime" : 133251.5,
    "minResTime" : 132766.0,
    "maxResTime" : 133640.0,
    "pct1ResTime" : 133605.7,
    "pct2ResTime" : 133621.0,
    "pct3ResTime" : 133639.93,
    "throughput" : 0.7482677601352868,
    "receivedKBytesPerSec" : 2.064312912482603,
    "sentKBytesPerSec" : 0.0
  },
  "Total" : {
    "transaction" : "Total",
    "sampleCount" : 100,
    "errorCount" : 100,
    "errorPct" : 100.0,
    "meanResTime" : 133245.44,
    "medianResTime" : 133251.5,
    "minResTime" : 132766.0,
    "maxResTime" : 133640.0,
    "pct1ResTime" : 133605.7,
    "pct2ResTime" : 133621.0,
    "pct3ResTime" : 133639.93,
    "throughput" : 0.7482677601352868,
    "receivedKBytesPerSec" : 2.064312912482603,
    "sentKBytesPerSec" : 0.0
  }
}