{
  "Petición HTTP" : {
    "transaction" : "Petición HTTP",
    "sampleCount" : 100,
    "errorCount" : 100,
    "errorPct" : 100.0,
    "meanResTime" : 136004.2499999999,
    "medianResTime" : 136012.0,
    "minResTime" : 135517.0,
    "maxResTime" : 136395.0,
    "pct1ResTime" : 136388.9,
    "pct2ResTime" : 136391.0,
    "pct3ResTime" : 136394.99,
    "throughput" : 0.7330464678155949,
    "receivedKBytesPerSec" : 2.0223205777139213,
    "sentKBytesPerSec" : 0.0
  },
  "Total" : {
    "transaction" : "Total",
    "sampleCount" : 100,
    "errorCount" : 100,
    "errorPct" : 100.0,
    "meanResTime" : 136004.2499999999,
    "medianResTime" : 136012.0,
    "minResTime" : 135517.0,
    "maxResTime" : 136395.0,
    "pct1ResTime" : 136388.9,
    "pct2ResTime" : 136391.0,
    "pct3ResTime" : 136394.99,
    "throughput" : 0.7330464678155949,
    "receivedKBytesPerSec" : 2.0223205777139213,
    "sentKBytesPerSec" : 0.0
  }
}