{
  "Petición HTTP" : {
    "transaction" : "Petición HTTP",
    "sampleCount" : 100,
    "errorCount" : 100,
    "errorPct" : 100.0,
    "meanResTime" : 133591.13999999998,
    "medianResTime" : 133598.0,
    "minResTime" : 133104.0,
    "maxResTime" : 133992.0,
    "pct1ResTime" : 133969.9,
    "pct2ResTime" : 133986.95,
    "pct3ResTime" : 133991.99,
    "throughput" : 0.7462463807050537,
    "receivedKBytesPerSec" : 2.058736353019313,
    "sentKBytesPerSec" : 0.0
  },
  "Total" : {
    "transaction" : "Total",
    "sampleCount" : 100,
    "errorCount" : 100,
    "errorPct" : 100.0,
    "meanResTime" : 133591.13999999998,
    "medianResTime" : 133598.0,
    "minResTime" : 133104.0,
    "maxResTime" : 133992.0,
    "pct1ResTime" : 133969.9,
    "pct2ResTime" : 133986.95,
    "pct3ResTime" : 133991.99,
    "throughput" : 0.7462463807050537,
    "receivedKBytesPerSec" : 2.058736353019313,
    "sentKBytesPerSec" : 0.0
  }
}