{
  "Petición HTTP" : {
    "transaction" : "Petición HTTP",
    "sampleCount" : 100,
    "errorCount" : 100,
    "errorPct" : 100.0,
    "meanResTime" : 132915.12,
    "medianResTime" : 132894.5,
    "minResTime" : 132398.0,
    "maxResTime" : 136483.0,
    "pct1ResTime" : 133244.0,
    "pct2ResTime" : 133247.95,
    "pct3ResTime" : 136450.66999999998,
    "throughput" : 0.7281040897606722,
    "receivedKBytesPerSec" : 2.0086855991932606,
    "sentKBytesPerSec" : 0.0
  },
  "Total" : {
    "transaction" : "Total",
    "sampleCount" : 100,
    "errorCount" : 100,
    "errorPct" : 100.0,
    "meanResTime" : 132915.12,
    "medianResTime" : 132894.5,
    "minResTime" : 132398.0,
    "maxResTime" : 136483.0,
    "pct1ResTime" : 133244.0,
    "pct2ResTime" : 133247.95,
    "pct3ResTime" : 136450.66999999998,
    "throughput" : 0.7281040897606722,
    "receivedKBytesPerSec" : 2.0086855991932606,
    "sentKBytesPerSec" : 0.0
  }
}