{
  "Petición HTTP" : {
    "transaction" : "Petición HTTP",
    "sampleCount" : 100,
    "errorCount" : 100,
    "errorPct" : 100.0,
    "meanResTime" : 135743.15000000002,
    "medianResTime" : 135739.5,
    "minResTime" : 135283.0,
    "maxResTime" : 136154.0,
    "pct1ResTime" : 136115.0,
    "pct2ResTime" : 136134.9,
    "pct3ResTime" : 136153.95,
    "throughput" : 0.7344300822561692,
    "receivedKBytesPerSec" : 2.026137678099295,
    "sentKBytesPerSec" : 0.0
  },
  "Total" : {
    "transaction" : "Total",
    "sampleCount" : 100,
    "errorCount" : 100,
    "errorPct" : 100.0,
    "meanResTime" : 135743.15000000002,
    "medianResTime" : 135739.5,
    "minResTime" : 135283.0,
    "maxResTime" : 136154.0,
    "pct1ResTime" : 136115.0,
    "pct2ResTime" : 136134.9,
    "pct3ResTime" : 136153.95,
    "throughput" : 0.7344300822561692,
    "receivedKBytesPerSec" : 2.026137678099295,
    "sentKBytesPerSec" : 0.0
  }
}