{
  "Petición HTTP" : {
    "transaction" : "Petición HTTP",
    "sampleCount" : 100,
    "errorCount" : 100,
    "errorPct" : 100.0,
    "meanResTime" : 134345.94999999995,
    "medianResTime" : 132814.5,
    "minResTime" : 132401.0,
    "maxResTime" : 136496.0,
    "pct1ResTime" : 136395.1,
    "pct2ResTime" : 136455.2,
    "pct3ResTime" : 136495.79,
    "throughput" : 0.7303481569664259,
    "receivedKBytesPerSec" : 2.014876507256009,
    "sentKBytesPerSec" : 0.0
  },
  "Total" : {
    "transaction" : "Total",
    "sampleCount" : 100,
    "errorCount" : 100,
    "errorPct" : 100.0,
    "meanResTime" : 134345.94999999995,
    "medianResTime" : 132814.5,
    "minResTime" : 132401.0,
    "maxResTime" : 136496.0,
    "pct1ResTime" : 136395.1,
    "pct2ResTime" : 136455.2,
    "pct3ResTime" : 136495.79,
    "throughput" : 0.7303481569664259,
    "receivedKBytesPerSec" : 2.014876507256009,
    "sentKBytesPerSec" : 0.0
  }
}