{
  "Petición HTTP" : {
    "transaction" : "Petición HTTP",
    "sampleCount" : 100,
    "errorCount" : 100,
    "errorPct" : 100.0,
    "meanResTime" : 133054.18999999997,
    "medianResTime" : 133052.0,
    "minResTime" : 132561.0,
    "maxResTime" : 133467.0,
    "pct1ResTime" : 133443.7,
    "pct2ResTime" : 133448.0,
    "pct3ResTime" : 133466.87,
    "throughput" : 0.749243264303054,
    "receivedKBytesPerSec" : 2.067004122711062,
    "sentKBytesPerSec" : 0.0
  },
  "Total" : {
    "transaction" : "Total",
    "sampleCount" : 100,
    "errorCount" : 100,
    "errorPct" : 100.0,
    "meanResTime" : 133054.18999999997,
    "medianResTime" : 133052.0,
    "minResTime" : 132561.0,
    "maxResTime" : 133467.0,
    "pct1ResTime" : 133443.7,
    "pct2ResTime" : 133448.0,
    "pct3ResTime" : 133466.87,
    "throughput" : 0.749243264303054,
    "receivedKBytesPerSec" : 2.067004122711062,
    "sentKBytesPerSec" : 0.0
  }
}