{
  "Petición HTTP" : {
    "transaction" : "Petición HTTP",
    "sampleCount" : 100,
    "errorCount" : 100,
    "errorPct" : 100.0,
    "meanResTime" : 133382.57999999993,
    "medianResTime" : 132895.5,
    "minResTime" : 132400.0,
    "maxResTime" : 136487.0,
    "pct1ResTime" : 136394.1,
    "pct2ResTime" : 136443.65,
    "pct3ResTime" : 136486.86,
    "throughput" : 0.7288311006807283,
    "receivedKBytesPerSec" : 2.0106912689678293,
    "sentKBytesPerSec" : 0.0
  },
  "Total" : {
    "transaction" : "Total",
    "sampleCount" : 100,
    "errorCount" : 100,
    "errorPct" : 100.0,
    "meanResTime" : 133382.57999999993,
    "medianResTime" : 132895.5,
    "minResTime" : 132400.0,
    "maxResTime" : 136487.0,
    "pct1ResTime" : 136394.1,
    "pct2ResTime" : 136443.65,
    "pct3ResTime" : 136486.86,
    "throughput" : 0.7288311006807283,
    "receivedKBytesPerSec" : 2.0106912689678293,
    "sentKBytesPerSec" : 0.0
  }
}