{
  "Petición HTTP" : {
    "transaction" : "Petición HTTP",
    "sampleCount" : 100,
    "errorCount" : 100,
    "errorPct" : 100.0,
    "meanResTime" : 133040.81,
    "medianResTime" : 133050.0,
    "minResTime" : 132554.0,
    "maxResTime" : 133418.0,
    "pct1ResTime" : 133411.0,
    "pct2ResTime" : 133415.0,
    "pct3ResTime" : 133417.98,
    "throughput" : 0.7494847292486415,
    "receivedKBytesPerSec" : 2.067670273561926,
    "sentKBytesPerSec" : 0.0
  },
  "Total" : {
    "transaction" : "Total",
    "sampleCount" : 100,
    "errorCount" : 100,
    "errorPct" : 100.0,
    "meanResTime" : 133040.81,
    "medianResTime" : 133050.0,
    "minResTime" : 132554.0,
    "maxResTime" : 133418.0,
    "pct1ResTime" : 133411.0,
    "pct2ResTime" : 133415.0,
    "pct3ResTime" : 133417.98,
    "throughput" : 0.7494847292486415,
    "receivedKBytesPerSec" : 2.067670273561926,
    "sentKBytesPerSec" : 0.0
  }
}