{
  "Petición HTTP" : {
    "transaction" : "Petición HTTP",
    "sampleCount" : 100,
    "errorCount" : 100,
    "errorPct" : 100.0,
    "meanResTime" : 133195.82,
    "medianResTime" : 133200.0,
    "minResTime" : 132712.0,
    "maxResTime" : 133603.0,
    "pct1ResTime" : 133583.8,
    "pct2ResTime" : 133593.8,
    "pct3ResTime" : 133602.97,
    "throughput" : 0.7484749822237192,
    "receivedKBytesPerSec" : 2.0648845945136785,
    "sentKBytesPerSec" : 0.0
  },
  "Total" : {
    "transaction" : "Total",
    "sampleCount" : 100,
    "errorCount" : 100,
    "errorPct" : 100.0,
    "meanResTime" : 133195.82,
    "medianResTime" : 133200.0,
    "minResTime" : 132712.0,
    "maxResTime" : 133603.0,
    "pct1ResTime" : 133583.8,
    "pct2ResTime" : 133593.8,
    "pct3ResTime" : 133602.97,
    "throughput" : 0.7484749822237192,
    "receivedKBytesPerSec" : 2.0648845945136785,
    "sentKBytesPerSec" : 0.0
  }
}