{
  "Petición HTTP" : {
    "transaction" : "Petición HTTP",
    "sampleCount" : 100,
    "errorCount" : 100,
    "errorPct" : 100.0,
    "meanResTime" : 134070.43999999997,
    "medianResTime" : 134081.5,
    "minResTime" : 133583.0,
    "maxResTime" : 134460.0,
    "pct1ResTime" : 134456.6,
    "pct2ResTime" : 134459.0,
    "pct3ResTime" : 134460.0,
    "throughput" : 0.7436934792955735,
    "receivedKBytesPerSec" : 2.0516934365331987,
    "sentKBytesPerSec" : 0.0
  },
  "Total" : {
    "transaction" : "Total",
    "sampleCount" : 100,
    "errorCount" : 100,
    "errorPct" : 100.0,
    "meanResTime" : 134070.43999999997,
    "medianResTime" : 134081.5,
    "minResTime" : 133583.0,
    "maxResTime" : 134460.0,
    "pct1ResTime" : 134456.6,
    "pct2ResTime" : 134459.0,
    "pct3ResTime" : 134460.0,
    "throughput" : 0.7436934792955735,
    "receivedKBytesPerSec" : 2.0516934365331987,
    "sentKBytesPerSec" : 0.0
  }
}