{
  "Petición HTTP" : {
    "transaction" : "Petición HTTP",
    "sampleCount" : 100,
    "errorCount" : 100,
    "errorPct" : 100.0,
    "meanResTime" : 134495.81999999998,
    "medianResTime" : 134504.0,
    "minResTime" : 134011.0,
    "maxResTime" : 134886.0,
    "pct1ResTime" : 134876.9,
    "pct2ResTime" : 134878.0,
    "pct3ResTime" : 134885.97,
    "throughput" : 0.7413612875962843,
    "receivedKBytesPerSec" : 2.045259411581546,
    "sentKBytesPerSec" : 0.0
  },
  "Total" : {
    "transaction" : "Total",
    "sampleCount" : 100,
    "errorCount" : 100,
    "errorPct" : 100.0,
    "meanResTime" : 134495.81999999998,
    "medianResTime" : 134504.0,
    "minResTime" : 134011.0,
    "maxResTime" : 134886.0,
    "pct1ResTime" : 134876.9,
    "pct2ResTime" : 134878.0,
    "pct3ResTime" : 134885.97,
    "throughput" : 0.7413612875962843,
    "receivedKBytesPerSec" : 2.045259411581546,
    "sentKBytesPerSec" : 0.0
  }
}