{
  "Petición HTTP" : {
    "transaction" : "Petición HTTP",
    "sampleCount" : 100,
    "errorCount" : 100,
    "errorPct" : 100.0,
    "meanResTime" : 134985.04000000004,
    "medianResTime" : 134980.0,
    "minResTime" : 134485.0,
    "maxResTime" : 135384.0,
    "pct1ResTime" : 135345.9,
    "pct2ResTime" : 135370.0,
    "pct3ResTime" : 135383.89,
    "throughput" : 0.7386178981889089,
    "receivedKBytesPerSec" : 2.0376909788903004,
    "sentKBytesPerSec" : 0.0
  },
  "Total" : {
    "transaction" : "Total",
    "sampleCount" : 100,
    "errorCount" : 100,
    "errorPct" : 100.0,
    "meanResTime" : 134985.04000000004,
    "medianResTime" : 134980.0,
    "minResTime" : 134485.0,
    "maxResTime" : 135384.0,
    "pct1ResTime" : 135345.9,
    "pct2ResTime" : 135370.0,
    "pct3ResTime" : 135383.89,
    "throughput" : 0.7386178981889089,
    "receivedKBytesPerSec" : 2.0376909788903004,
    "sentKBytesPerSec" : 0.0
  }
}