{
  "Petición HTTP" : {
    "transaction" : "Petición HTTP",
    "sampleCount" : 100,
    "errorCount" : 0,
    "errorPct" : 0.0,
    "meanResTime" : 15337.360000000004,
    "medianResTime" : 15240.0,
    "minResTime" : 14230.0,
    "maxResTime" : 16878.0,
    "pct1ResTime" : 16274.5,
    "pct2ResTime" : 16662.75,
    "pct3ResTime" : 16876.559999999998,
    "throughput" : 5.924170616113743,
    "receivedKBytesPerSec" : 5.224146549170617,
    "sentKBytesPerSec" : 0.8620131072274883
  },
  "Total" : {
    "transaction" : "Total",
    "sampleCount" : 100,
    "errorCount" : 0,
    "errorPct" : 0.0,
    "meanResTime" : 15337.360000000004,
    "medianResTime" : 15240.0,
    "minResTime" : 14230.0,
    "maxResTime" : 16878.0,
    "pct1ResTime" : 16274.5,
    "pct2ResTime" : 16662.75,
    "pct3ResTime" : 16876.559999999998,
    "throughput" : 5.924170616113743,
    "receivedKBytesPerSec" : 5.224146549170617,
    "sentKBytesPerSec" : 0.8620131072274883
  }
}