{
  "Petición HTTP" : {
    "transaction" : "Petición HTTP",
    "sampleCount" : 100,
    "errorCount" : 100,
    "errorPct" : 100.0,
    "meanResTime" : 134346.70999999996,
    "medianResTime" : 132803.0,
    "minResTime" : 132402.0,
    "maxResTime" : 136487.0,
    "pct1ResTime" : 136399.0,
    "pct2ResTime" : 136451.6,
    "pct3ResTime" : 136486.9,
    "throughput" : 0.7303854974655623,
    "receivedKBytesPerSec" : 2.014979521816615,
    "sentKBytesPerSec" : 0.0
  },
  "Total" : {
    "transaction" : "Total",
    "sampleCount" : 100,
    "errorCount" : 100,
    "errorPct" : 100.0,
    "meanResTime" : 134346.70999999996,
    "medianResTime" : 132803.0,
    "minResTime" : 132402.0,
    "maxResTime" : 136487.0,
    "pct1ResTime" : 136399.0,
    "pct2ResTime" : 136451.6,
    "pct3ResTime" : 136486.9,
    "throughput" : 0.7303854974655623,
    "receivedKBytesPerSec" : 2.014979521816615,
    "sentKBytesPerSec" : 0.0
  }
}