{
  "Petición HTTP" : {
    "transaction" : "Petición HTTP",
    "sampleCount" : 100,
    "errorCount" : 100,
    "errorPct" : 100.0,
    "meanResTime" : 134641.30000000005,
    "medianResTime" : 134647.0,
    "minResTime" : 134158.0,
    "maxResTime" : 135040.0,
    "pct1ResTime" : 135028.9,
    "pct2ResTime" : 135033.0,
    "pct3ResTime" : 135039.96,
    "throughput" : 0.7405158433364682,
    "receivedKBytesPerSec" : 2.042927009204612,
    "sentKBytesPerSec" : 0.0
  },
  "Total" : {
    "transaction" : "Total",
    "sampleCount" : 100,
    "errorCount" : 100,
    "errorPct" : 100.0,
    "meanResTime" : 134641.30000000005,
    "medianResTime" : 134647.0,
    "minResTime" : 134158.0,
    "maxResTime" : 135040.0,
    "pct1ResTime" : 135028.9,
    "pct2ResTime" : 135033.0,
    "pct3ResTime" : 135039.96,
    "throughput" : 0.7405158433364682,
    "receivedKBytesPerSec" : 2.042927009204612,
    "sentKBytesPerSec" : 0.0
  }
}