{
  "Petición HTTP" : {
    "transaction" : "Petición HTTP",
    "sampleCount" : 100,
    "errorCount" : 100,
    "errorPct" : 100.0,
    "meanResTime" : 134217.49,
    "medianResTime" : 134225.5,
    "minResTime" : 133726.0,
    "maxResTime" : 134612.0,
    "pct1ResTime" : 134590.0,
    "pct2ResTime" : 134601.75,
    "pct3ResTime" : 134611.99,
    "throughput" : 0.7428647837520614,
    "receivedKBytesPerSec" : 2.0494072403316146,
    "sentKBytesPerSec" : 0.0
  },
  "Total" : {
    "transaction" : "Total",
    "sampleCount" : 100,
    "errorCount" : 100,
    "errorPct" : 100.0,
    "meanResTime" : 134217.49,
    "medianResTime" : 134225.5,
    "minResTime" : 133726.0,
    "maxResTime" : 134612.0,
    "pct1ResTime" : 134590.0,
    "pct2ResTime" : 134601.75,
    "pct3ResTime" : 134611.99,
    "throughput" : 0.7428647837520614,
    "receivedKBytesPerSec" : 2.0494072403316146,
    "sentKBytesPerSec" : 0.0
  }
}