{
  "Petición HTTP" : {
    "transaction" : "Petición HTTP",
    "sampleCount" : 100,
    "errorCount" : 100,
    "errorPct" : 100.0,
    "meanResTime" : 134343.79,
    "medianResTime" : 134352.5,
    "minResTime" : 133855.0,
    "maxResTime" : 134724.0,
    "pct1ResTime" : 134722.0,
    "pct2ResTime" : 134723.95,
    "pct3ResTime" : 134724.0,
    "throughput" : 0.7422472277066045,
    "receivedKBytesPerSec" : 2.0477035334679274,
    "sentKBytesPerSec" : 0.0
  },
  "Total" : {
    "transaction" : "Total",
    "sampleCount" : 100,
    "errorCount" : 100,
    "errorPct" : 100.0,
    "meanResTime" : 134343.79,
    "medianResTime" : 134352.5,
    "minResTime" : 133855.0,
    "maxResTime" : 134724.0,
    "pct1ResTime" : 134722.0,
    "pct2ResTime" : 134723.95,
    "pct3ResTime" : 134724.0,
    "throughput" : 0.7422472277066045,
    "receivedKBytesPerSec" : 2.0477035334679274,
    "sentKBytesPerSec" : 0.0
  }
}