{
  "Petición HTTP" : {
    "transaction" : "Petición HTTP",
    "sampleCount" : 100,
    "errorCount" : 100,
    "errorPct" : 100.0,
    "meanResTime" : 133852.99999999994,
    "medianResTime" : 132896.0,
    "minResTime" : 132403.0,
    "maxResTime" : 136494.0,
    "pct1ResTime" : 136401.3,
    "pct2ResTime" : 136447.75,
    "pct3ResTime" : 136493.84,
    "throughput" : 0.7294956996228507,
    "receivedKBytesPerSec" : 2.012524757260306,
    "sentKBytesPerSec" : 0.0
  },
  "Total" : {
    "transaction" : "Total",
    "sampleCount" : 100,
    "errorCount" : 100,
    "errorPct" : 100.0,
    "meanResTime" : 133852.99999999994,
    "medianResTime" : 132896.0,
    "minResTime" : 132403.0,
    "maxResTime" : 136494.0,
    "pct1ResTime" : 136401.3,
    "pct2ResTime" : 136447.75,
    "pct3ResTime" : 136493.84,
    "throughput" : 0.7294956996228507,
    "receivedKBytesPerSec" : 2.012524757260306,
    "sentKBytesPerSec" : 0.0
  }
}