{
  "Petición HTTP" : {
    "transaction" : "Petición HTTP",
    "sampleCount" : 100,
    "errorCount" : 100,
    "errorPct" : 100.0,
    "meanResTime" : 133589.53999999995,
    "medianResTime" : 133597.5,
    "minResTime" : 133102.0,
    "maxResTime" : 133979.0,
    "pct1ResTime" : 133974.0,
    "pct2ResTime" : 133976.0,
    "pct3ResTime" : 133978.99,
    "throughput" : 0.7463856275983549,
    "receivedKBytesPerSec" : 2.0591205058255397,
    "sentKBytesPerSec" : 0.0
  },
  "Total" : {
    "transaction" : "Total",
    "sampleCount" : 100,
    "errorCount" : 100,
    "errorPct" : 100.0,
    "meanResTime" : 133589.53999999995,
    "medianResTime" : 133597.5,
    "minResTime" : 133102.0,
    "maxResTime" : 133979.0,
    "pct1ResTime" : 133974.0,
    "pct2ResTime" : 133976.0,
    "pct3ResTime" : 133978.99,
    "throughput" : 0.7463856275983549,
    "receivedKBytesPerSec" : 2.0591205058255397,
    "sentKBytesPerSec" : 0.0
  }
}