{
  "Petición HTTP" : {
    "transaction" : "Petición HTTP",
    "sampleCount" : 100,
    "errorCount" : 100,
    "errorPct" : 100.0,
    "meanResTime" : 134136.03,
    "medianResTime" : 134138.0,
    "minResTime" : 133650.0,
    "maxResTime" : 134538.0,
    "pct1ResTime" : 134512.9,
    "pct2ResTime" : 134523.9,
    "pct3ResTime" : 134537.96,
    "throughput" : 0.7432733759476735,
    "receivedKBytesPerSec" : 2.0505344600118924,
    "sentKBytesPerSec" : 0.0
  },
  "Total" : {
    "transaction" : "Total",
    "sampleCount" : 100,
    "errorCount" : 100,
    "errorPct" : 100.0,
    "meanResTime" : 134136.03,
    "medianResTime" : 134138.0,
    "minResTime" : 133650.0,
    "maxResTime" : 134538.0,
    "pct1ResTime" : 134512.9,
    "pct2ResTime" : 134523.9,
    "pct3ResTime" : 134537.96,
    "throughput" : 0.7432733759476735,
    "receivedKBytesPerSec" : 2.0505344600118924,
    "sentKBytesPerSec" : 0.0
  }
}