{
  "Petición HTTP" : {
    "transaction" : "Petición HTTP",
    "sampleCount" : 100,
    "errorCount" : 100,
    "errorPct" : 100.0,
    "meanResTime" : 134439.93,
    "medianResTime" : 134448.0,
    "minResTime" : 133952.0,
    "maxResTime" : 134824.0,
    "pct1ResTime" : 134821.0,
    "pct2ResTime" : 134822.0,
    "pct3ResTime" : 134823.99,
    "throughput" : 0.7417077078264998,
    "receivedKBytesPerSec" : 2.046215111923693,
    "sentKBytesPerSec" : 0.0
  },
  "Total" : {
    "transaction" : "Total",
    "sampleCount" : 100,
    "errorCount" : 100,
    "errorPct" : 100.0,
    "meanResTime" : 134439.93,
    "medianResTime" : 134448.0,
    "minResTime" : 133952.0,
    "maxResTime" : 134824.0,
    "pct1ResTime" : 134821.0,
    "pct2ResTime" : 134822.0,
    "pct3ResTime" : 134823.99,
    "throughput" : 0.7417077078264998,
    "receivedKBytesPerSec" : 2.046215111923693,
    "sentKBytesPerSec" : 0.0
  }
}