{
  "Petición HTTP" : {
    "transaction" : "Petición HTTP",
    "sampleCount" : 100,
    "errorCount" : 100,
    "errorPct" : 100.0,
    "meanResTime" : 134801.62,
    "medianResTime" : 134799.5,
    "minResTime" : 134315.0,
    "maxResTime" : 135200.0,
    "pct1ResTime" : 135169.7,
    "pct2ResTime" : 135190.95,
    "pct3ResTime" : 135199.98,
    "throughput" : 0.7396230880743173,
    "receivedKBytesPerSec" : 2.0404640857519007,
    "sentKBytesPerSec" : 0.0
  },
  "Total" : {
    "transaction" : "Total",
    "sampleCount" : 100,
    "errorCount" : 100,
    "errorPct" : 100.0,
    "meanResTime" : 134801.62,
    "medianResTime" : 134799.5,
    "minResTime" : 134315.0,
    "maxResTime" : 135200.0,
    "pct1ResTime" : 135169.7,
    "pct2ResTime" : 135190.95,
    "pct3ResTime" : 135199.98,
    "throughput" : 0.7396230880743173,
    "receivedKBytesPerSec" : 2.0404640857519007,
    "sentKBytesPerSec" : 0.0
  }
}