{
  "Petición HTTP" : {
    "transaction" : "Petición HTTP",
    "sampleCount" : 100,
    "errorCount" : 100,
    "errorPct" : 100.0,
    "meanResTime" : 133017.69999999987,
    "medianResTime" : 132896.5,
    "minResTime" : 132412.0,
    "maxResTime" : 136483.0,
    "pct1ResTime" : 133247.6,
    "pct2ResTime" : 133260.85,
    "pct3ResTime" : 136482.91,
    "throughput" : 0.7281252958009014,
    "receivedKBytesPerSec" : 2.008744102185104,
    "sentKBytesPerSec" : 0.0
  },
  "Total" : {
    "transaction" : "Total",
    "sampleCount" : 100,
    "errorCount" : 100,
    "errorPct" : 100.0,
    "meanResTime" : 133017.69999999987,
    "medianResTime" : 132896.5,
    "minResTime" : 132412.0,
    "maxResTime" : 136483.0,
    "pct1ResTime" : 133247.6,
    "pct2ResTime" : 133260.85,
    "pct3ResTime" : 136482.91,
    "throughput" : 0.7281252958009014,
    "receivedKBytesPerSec" : 2.008744102185104,
    "sentKBytesPerSec" : 0.0
  }
}