{
  "Petición HTTP" : {
    "transaction" : "Petición HTTP",
    "sampleCount" : 100,
    "errorCount" : 100,
    "errorPct" : 100.0,
    "meanResTime" : 133232.2,
    "medianResTime" : 133235.0,
    "minResTime" : 132760.0,
    "maxResTime" : 133633.0,
    "pct1ResTime" : 133614.9,
    "pct2ResTime" : 133622.95,
    "pct3ResTime" : 133632.93,
    "throughput" : 0.7482285688632164,
    "receivedKBytesPerSec" : 2.0642047920298694,
    "sentKBytesPerSec" : 0.0
  },
  "Total" : {
    "transaction" : "Total",
    "sampleCount" : 100,
    "errorCount" : 100,
    "errorPct" : 100.0,
    "meanResTime" : 133232.2,
    "medianResTime" : 133235.0,
    "minResTime" : 132760.0,
    "maxResTime" : 133633.0,
    "pct1ResTime" : 133614.9,
    "pct2ResTime" : 133622.95,
    "pct3ResTime" : 133632.93,
    "throughput" : 0.7482285688632164,
    "receivedKBytesPerSec" : 2.0642047920298694,
    "sentKBytesPerSec" : 0.0
  }
}