{
  "Petición HTTP" : {
    "transaction" : "Petición HTTP",
    "sampleCount" : 100,
    "errorCount" : 100,
    "errorPct" : 100.0,
    "meanResTime" : 133858.18999999997,
    "medianResTime" : 133853.5,
    "minResTime" : 133364.0,
    "maxResTime" : 134279.0,
    "pct1ResTime" : 134243.8,
    "pct2ResTime" : 134263.95,
    "pct3ResTime" : 134278.86,
    "throughput" : 0.7447180869681782,
    "receivedKBytesPerSec" : 2.054520112973734,
    "sentKBytesPerSec" : 0.0
  },
  "Total" : {
    "transaction" : "Total",
    "sampleCount" : 100,
    "errorCount" : 100,
    "errorPct" : 100.0,
    "meanResTime" : 133858.18999999997,
    "medianResTime" : 133853.5,
    "minResTime" : 133364.0,
    "maxResTime" : 134279.0,
    "pct1ResTime" : 134243.8,
    "pct2ResTime" : 134263.95,
    "pct3ResTime" : 134278.86,
    "throughput" : 0.7447180869681782,
    "receivedKBytesPerSec" : 2.054520112973734,
    "sentKBytesPerSec" : 0.0
  }
}