{
  "Petición HTTP" : {
    "transaction" : "Petición HTTP",
    "sampleCount" : 100,
    "errorCount" : 100,
    "errorPct" : 100.0,
    "meanResTime" : 133300.15000000005,
    "medianResTime" : 132906.5,
    "minResTime" : 132423.0,
    "maxResTime" : 136487.0,
    "pct1ResTime" : 136396.0,
    "pct2ResTime" : 136446.5,
    "pct3ResTime" : 136486.9,
    "throughput" : 0.7286027584900436,
    "receivedKBytesPerSec" : 2.0100613210296614,
    "sentKBytesPerSec" : 0.0
  },
  "Total" : {
    "transaction" : "Total",
    "sampleCount" : 100,
    "errorCount" : 100,
    "errorPct" : 100.0,
    "meanResTime" : 133300.15000000005,
    "medianResTime" : 132906.5,
    "minResTime" : 132423.0,
    "maxResTime" : 136487.0,
    "pct1ResTime" : 136396.0,
    "pct2ResTime" : 136446.5,
    "pct3ResTime" : 136486.9,
    "throughput" : 0.7286027584900436,
    "receivedKBytesPerSec" : 2.0100613210296614,
    "sentKBytesPerSec" : 0.0
  }
}