{
  "Petición HTTP" : {
    "transaction" : "Petición HTTP",
    "sampleCount" : 100,
    "errorCount" : 0,
    "errorPct" : 0.0,
    "meanResTime" : 1609.6100000000004,
    "medianResTime" : 1735.5,
    "minResTime" : 288.0,
    "maxResTime" : 2454.0,
    "pct1ResTime" : 2261.1000000000004,
    "pct2ResTime" : 2338.1499999999996,
    "pct3ResTime" : 2453.3599999999997,
    "throughput" : 40.14452027298274,
    "receivedKBytesPerSec" : 35.400880670413486,
    "sentKBytesPerSec" : 5.841341328783621
  },
  "Total" : {
    "transaction" : "Total",
    "sampleCount" : 100,
    "errorCount" : 0,
    "errorPct" : 0.0,
    "meanResTime" : 1609.6100000000004,
    "medianResTime" : 1735.5,
    "minResTime" : 288.0,
    "maxResTime" : 2454.0,
    "pct1ResTime" : 2261.1000000000004,
    "pct2ResTime" : 2338.1499999999996,
    "pct3ResTime" : 2453.3599999999997,
    "throughput" : 40.14452027298274,
    "receivedKBytesPerSec" : 35.400880670413486,
    "sentKBytesPerSec" : 5.841341328783621
  }
}