{
  "Petición HTTP" : {
    "transaction" : "Petición HTTP",
    "sampleCount" : 100,
    "errorCount" : 100,
    "errorPct" : 100.0,
    "meanResTime" : 135135.60999999996,
    "medianResTime" : 135143.0,
    "minResTime" : 134647.0,
    "maxResTime" : 135524.0,
    "pct1ResTime" : 135519.0,
    "pct2ResTime" : 135521.95,
    "pct3ResTime" : 135523.99,
    "throughput" : 0.737816800088538,
    "receivedKBytesPerSec" : 2.0354809182130076,
    "sentKBytesPerSec" : 0.0
  },
  "Total" : {
    "transaction" : "Total",
    "sampleCount" : 100,
    "errorCount" : 100,
    "errorPct" : 100.0,
    "meanResTime" : 135135.60999999996,
    "medianResTime" : 135143.0,
    "minResTime" : 134647.0,
    "maxResTime" : 135524.0,
    "pct1ResTime" : 135519.0,
    "pct2ResTime" : 135521.95,
    "pct3ResTime" : 135523.99,
    "throughput" : 0.737816800088538,
    "receivedKBytesPerSec" : 2.0354809182130076,
    "sentKBytesPerSec" : 0.0
  }
}