{
  "Petición HTTP" : {
    "transaction" : "Petición HTTP",
    "sampleCount" : 100,
    "errorCount" : 100,
    "errorPct" : 100.0,
    "meanResTime" : 132955.71,
    "medianResTime" : 132899.5,
    "minResTime" : 132412.0,
    "maxResTime" : 136488.0,
    "pct1ResTime" : 133266.0,
    "pct2ResTime" : 133268.0,
    "pct3ResTime" : 136487.89,
    "throughput" : 0.7280086778634401,
    "receivedKBytesPerSec" : 2.0084223778947448,
    "sentKBytesPerSec" : 0.0
  },
  "Total" : {
    "transaction" : "Total",
    "sampleCount" : 100,
    "errorCount" : 100,
    "errorPct" : 100.0,
    "meanResTime" : 132955.71,
    "medianResTime" : 132899.5,
    "minResTime" : 132412.0,
    "maxResTime" : 136488.0,
    "pct1ResTime" : 133266.0,
    "pct2ResTime" : 133268.0,
    "pct3ResTime" : 136487.89,
    "throughput" : 0.7280086778634401,
    "receivedKBytesPerSec" : 2.0084223778947448,
    "sentKBytesPerSec" : 0.0
  }
}