{
  "Petición HTTP" : {
    "transaction" : "Petición HTTP",
    "sampleCount" : 100,
    "errorCount" : 100,
    "errorPct" : 100.0,
    "meanResTime" : 133010.6699999999,
    "medianResTime" : 132892.5,
    "minResTime" : 132398.0,
    "maxResTime" : 136480.0,
    "pct1ResTime" : 133230.0,
    "pct2ResTime" : 133239.85,
    "pct3ResTime" : 136479.91,
    "throughput" : 0.728210132315781,
    "receivedKBytesPerSec" : 2.0089781482344544,
    "sentKBytesPerSec" : 0.0
  },
  "Total" : {
    "transaction" : "Total",
    "sampleCount" : 100,
    "errorCount" : 100,
    "errorPct" : 100.0,
    "meanResTime" : 133010.6699999999,
    "medianResTime" : 132892.5,
    "minResTime" : 132398.0,
    "maxResTime" : 136480.0,
    "pct1ResTime" : 133230.0,
    "pct2ResTime" : 133239.85,
    "pct3ResTime" : 136479.91,
    "throughput" : 0.728210132315781,
    "receivedKBytesPerSec" : 2.0089781482344544,
    "sentKBytesPerSec" : 0.0
  }
}