{
  "Petición HTTP" : {
    "transaction" : "Petición HTTP",
    "sampleCount" : 100,
    "errorCount" : 100,
    "errorPct" : 100.0,
    "meanResTime" : 134009.97999999995,
    "medianResTime" : 134016.0,
    "minResTime" : 133520.0,
    "maxResTime" : 134410.0,
    "pct1ResTime" : 134405.9,
    "pct2ResTime" : 134408.0,
    "pct3ResTime" : 134409.99,
    "throughput" : 0.7439867272767854,
    "receivedKBytesPerSec" : 2.052502445856366,
    "sentKBytesPerSec" : 0.0
  },
  "Total" : {
    "transaction" : "Total",
    "sampleCount" : 100,
    "errorCount" : 100,
    "errorPct" : 100.0,
    "meanResTime" : 134009.97999999995,
    "medianResTime" : 134016.0,
    "minResTime" : 133520.0,
    "maxResTime" : 134410.0,
    "pct1ResTime" : 134405.9,
    "pct2ResTime" : 134408.0,
    "pct3ResTime" : 134409.99,
    "throughput" : 0.7439867272767854,
    "receivedKBytesPerSec" : 2.052502445856366,
    "sentKBytesPerSec" : 0.0
  }
}