{
  "Petición HTTP" : {
    "transaction" : "Petición HTTP",
    "sampleCount" : 100,
    "errorCount" : 100,
    "errorPct" : 100.0,
    "meanResTime" : 133896.88,
    "medianResTime" : 133902.5,
    "minResTime" : 133406.0,
    "maxResTime" : 134290.0,
    "pct1ResTime" : 134282.9,
    "pct2ResTime" : 134285.95,
    "pct3ResTime" : 134289.99,
    "throughput" : 0.7445517426233537,
    "receivedKBytesPerSec" : 2.054061204014623,
    "sentKBytesPerSec" : 0.0
  },
  "Total" : {
    "transaction" : "Total",
    "sampleCount" : 100,
    "errorCount" : 100,
    "errorPct" : 100.0,
    "meanResTime" : 133896.88,
    "medianResTime" : 133902.5,
    "minResTime" : 133406.0,
    "maxResTime" : 134290.0,
    "pct1ResTime" : 134282.9,
    "pct2ResTime" : 134285.95,
    "pct3ResTime" : 134289.99,
    "throughput" : 0.7445517426233537,
    "receivedKBytesPerSec" : 2.054061204014623,
    "sentKBytesPerSec" : 0.0
  }
}