{
  "Petición HTTP" : {
    "transaction" : "Petición HTTP",
    "sampleCount" : 100,
    "errorCount" : 100,
    "errorPct" : 100.0,
    "meanResTime" : 134594.15999999997,
    "medianResTime" : 134602.0,
    "minResTime" : 134105.0,
    "maxResTime" : 134990.0,
    "pct1ResTime" : 134982.0,
    "pct2ResTime" : 134982.95,
    "pct3ResTime" : 134989.96,
    "throughput" : 0.7407133069145587,
    "receivedKBytesPerSec" : 2.0434717695640905,
    "sentKBytesPerSec" : 0.0
  },
  "Total" : {
    "transaction" : "Total",
    "sampleCount" : 100,
    "errorCount" : 100,
    "errorPct" : 100.0,
    "meanResTime" : 134594.15999999997,
    "medianResTime" : 134602.0,
    "minResTime" : 134105.0,
    "maxResTime" : 134990.0,
    "pct1ResTime" : 134982.0,
    "pct2ResTime" : 134982.95,
    "pct3ResTime" : 134989.96,
    "throughput" : 0.7407133069145587,
    "receivedKBytesPerSec" : 2.0434717695640905,
    "sentKBytesPerSec" : 0.0
  }
}