{
  "Petición HTTP" : {
    "transaction" : "Petición HTTP",
    "sampleCount" : 100,
    "errorCount" : 100,
    "errorPct" : 100.0,
    "meanResTime" : 135551.54,
    "medianResTime" : 135562.5,
    "minResTime" : 135075.0,
    "maxResTime" : 135953.0,
    "pct1ResTime" : 135919.0,
    "pct2ResTime" : 135937.85,
    "pct3ResTime" : 135952.96,
    "throughput" : 0.7354942153379964,
    "receivedKBytesPerSec" : 2.029073396806484,
    "sentKBytesPerSec" : 0.0
  },
  "Total" : {
    "transaction" : "Total",
    "sampleCount" : 100,
    "errorCount" : 100,
    "errorPct" : 100.0,
    "meanResTime" : 135551.54,
    "medianResTime" : 135562.5,
    "minResTime" : 135075.0,
    "maxResTime" : 135953.0,
    "pct1ResTime" : 135919.0,
    "pct2ResTime" : 135937.85,
    "pct3ResTime" : 135952.96,
    "throughput" : 0.7354942153379964,
    "receivedKBytesPerSec" : 2.029073396806484,
    "sentKBytesPerSec" : 0.0
  }
}