{
  "Petición HTTP" : {
    "transaction" : "Petición HTTP",
    "sampleCount" : 100,
    "errorCount" : 100,
    "errorPct" : 100.0,
    "meanResTime" : 135311.04999999996,
    "medianResTime" : 135319.5,
    "minResTime" : 134828.0,
    "maxResTime" : 135697.0,
    "pct1ResTime" : 135689.8,
    "pct2ResTime" : 135691.95,
    "pct3ResTime" : 135696.96,
    "throughput" : 0.7368436565129611,
    "receivedKBytesPerSec" : 2.032796220360464,
    "sentKBytesPerSec" : 0.0
  },
  "Total" : {
    "transaction" : "Total",
    "sampleCount" : 100,
    "errorCount" : 100,
    "errorPct" : 100.0,
    "meanResTime" : 135311.04999999996,
    "medianResTime" : 135319.5,
    "minResTime" : 134828.0,
    "maxResTime" : 135697.0,
    "pct1ResTime" : 135689.8,
    "pct2ResTime" : 135691.95,
    "pct3ResTime" : 135696.96,
    "throughput" : 0.7368436565129611,
    "receivedKBytesPerSec" : 2.032796220360464,
    "sentKBytesPerSec" : 0.0
  }
}