{
  "Petición HTTP" : {
    "transaction" : "Petición HTTP",
    "sampleCount" : 100,
    "errorCount" : 100,
    "errorPct" : 100.0,
    "meanResTime" : 132953.79000000007,
    "medianResTime" : 132894.5,
    "minResTime" : 132400.0,
    "maxResTime" : 136484.0,
    "pct1ResTime" : 133262.9,
    "pct2ResTime" : 133264.0,
    "pct3ResTime" : 136483.91,
    "throughput" : 0.7280510800637773,
    "receivedKBytesPerSec" : 2.0085393566212604,
    "sentKBytesPerSec" : 0.0
  },
  "Total" : {
    "transaction" : "Total",
    "sampleCount" : 100,
    "errorCount" : 100,
    "errorPct" : 100.0,
    "meanResTime" : 132953.79000000007,
    "medianResTime" : 132894.5,
    "minResTime" : 132400.0,
    "maxResTime" : 136484.0,
    "pct1ResTime" : 133262.9,
    "pct2ResTime" : 133264.0,
    "pct3ResTime" : 136483.91,
    "throughput" : 0.7280510800637773,
    "receivedKBytesPerSec" : 2.0085393566212604,
    "sentKBytesPerSec" : 0.0
  }
}