{
  "Petición HTTP" : {
    "transaction" : "Petición HTTP",
    "sampleCount" : 100,
    "errorCount" : 100,
    "errorPct" : 100.0,
    "meanResTime" : 134294.59999999995,
    "medianResTime" : 134295.5,
    "minResTime" : 133806.0,
    "maxResTime" : 134700.0,
    "pct1ResTime" : 134678.0,
    "pct2ResTime" : 134684.95,
    "pct3ResTime" : 134699.89,
    "throughput" : 0.7423574302555194,
    "receivedKBytesPerSec" : 2.048007559054534,
    "sentKBytesPerSec" : 0.0
  },
  "Total" : {
    "transaction" : "Total",
    "sampleCount" : 100,
    "errorCount" : 100,
    "errorPct" : 100.0,
    "meanResTime" : 134294.59999999995,
    "medianResTime" : 134295.5,
    "minResTime" : 133806.0,
    "maxResTime" : 134700.0,
    "pct1ResTime" : 134678.0,
    "pct2ResTime" : 134684.95,
    "pct3ResTime" : 134699.89,
    "throughput" : 0.7423574302555194,
    "receivedKBytesPerSec" : 2.048007559054534,
    "sentKBytesPerSec" : 0.0
  }
}