{
  "Petición HTTP" : {
    "transaction" : "Petición HTTP",
    "sampleCount" : 100,
    "errorCount" : 100,
    "errorPct" : 100.0,
    "meanResTime" : 133046.50999999995,
    "medianResTime" : 133051.5,
    "minResTime" : 132553.0,
    "maxResTime" : 133455.0,
    "pct1ResTime" : 133426.9,
    "pct2ResTime" : 133433.0,
    "pct3ResTime" : 133454.83,
    "throughput" : 0.7493162489228579,
    "receivedKBytesPerSec" : 2.0672054718819077,
    "sentKBytesPerSec" : 0.0
  },
  "Total" : {
    "transaction" : "Total",
    "sampleCount" : 100,
    "errorCount" : 100,
    "errorPct" : 100.0,
    "meanResTime" : 133046.50999999995,
    "medianResTime" : 133051.5,
    "minResTime" : 132553.0,
    "maxResTime" : 133455.0,
    "pct1ResTime" : 133426.9,
    "pct2ResTime" : 133433.0,
    "pct3ResTime" : 133454.83,
    "throughput" : 0.7493162489228579,
    "receivedKBytesPerSec" : 2.0672054718819077,
    "sentKBytesPerSec" : 0.0
  }
}