{
  "Petición HTTP" : {
    "transaction" : "Petición HTTP",
    "sampleCount" : 100,
    "errorCount" : 100,
    "errorPct" : 100.0,
    "meanResTime" : 132914.43999999994,
    "medianResTime" : 132921.5,
    "minResTime" : 132424.0,
    "maxResTime" : 133331.0,
    "pct1ResTime" : 133308.9,
    "pct2ResTime" : 133319.75,
    "pct3ResTime" : 133330.99,
    "throughput" : 0.7500018750046875,
    "receivedKBytesPerSec" : 2.069096969617424,
    "sentKBytesPerSec" : 0.0
  },
  "Total" : {
    "transaction" : "Total",
    "sampleCount" : 100,
    "errorCount" : 100,
    "errorPct" : 100.0,
    "meanResTime" : 132914.43999999994,
    "medianResTime" : 132921.5,
    "minResTime" : 132424.0,
    "maxResTime" : 133331.0,
    "pct1ResTime" : 133308.9,
    "pct2ResTime" : 133319.75,
    "pct3ResTime" : 133330.99,
    "throughput" : 0.7500018750046875,
    "receivedKBytesPerSec" : 2.069096969617424,
    "sentKBytesPerSec" : 0.0
  }
}