{
  "Petición HTTP" : {
    "transaction" : "Petición HTTP",
    "sampleCount" : 100,
    "errorCount" : 100,
    "errorPct" : 100.0,
    "meanResTime" : 133861.51,
    "medianResTime" : 133860.0,
    "minResTime" : 133361.0,
    "maxResTime" : 134261.0,
    "pct1ResTime" : 134239.9,
    "pct2ResTime" : 134248.0,
    "pct3ResTime" : 134260.97,
    "throughput" : 0.744784645519748,
    "receivedKBytesPerSec" : 2.0547037339778202,
    "sentKBytesPerSec" : 0.0
  },
  "Total" : {
    "transaction" : "Total",
    "sampleCount" : 100,
    "errorCount" : 100,
    "errorPct" : 100.0,
    "meanResTime" : 133861.51,
    "medianResTime" : 133860.0,
    "minResTime" : 133361.0,
    "maxResTime" : 134261.0,
    "pct1ResTime" : 134239.9,
    "pct2ResTime" : 134248.0,
    "pct3ResTime" : 134260.97,
    "throughput" : 0.744784645519748,
    "receivedKBytesPerSec" : 2.0547037339778202,
    "sentKBytesPerSec" : 0.0
  }
}