{
  "Petición HTTP" : {
    "transaction" : "Petición HTTP",
    "sampleCount" : 100,
    "errorCount" : 100,
    "errorPct" : 100.0,
    "meanResTime" : 133927.1300000001,
    "medianResTime" : 133935.5,
    "minResTime" : 133440.0,
    "maxResTime" : 134311.0,
    "pct1ResTime" : 134307.9,
    "pct2ResTime" : 134309.0,
    "pct3ResTime" : 134310.98,
    "throughput" : 0.744501853809616,
    "receivedKBytesPerSec" : 2.0539235713009423,
    "sentKBytesPerSec" : 0.0
  },
  "Total" : {
    "transaction" : "Total",
    "sampleCount" : 100,
    "errorCount" : 100,
    "errorPct" : 100.0,
    "meanResTime" : 133927.1300000001,
    "medianResTime" : 133935.5,
    "minResTime" : 133440.0,
    "maxResTime" : 134311.0,
    "pct1ResTime" : 134307.9,
    "pct2ResTime" : 134309.0,
    "pct3ResTime" : 134310.98,
    "throughput" : 0.744501853809616,
    "receivedKBytesPerSec" : 2.0539235713009423,
    "sentKBytesPerSec" : 0.0
  }
}