{
  "Petición HTTP" : {
    "transaction" : "Petición HTTP",
    "sampleCount" : 100,
    "errorCount" : 0,
    "errorPct" : 0.0,
    "meanResTime" : 3095.6800000000003,
    "medianResTime" : 3198.0,
    "minResTime" : 1161.0,
    "maxResTime" : 4530.0,
    "pct1ResTime" : 4111.1,
    "pct2ResTime" : 4337.15,
    "pct3ResTime" : 4529.299999999999,
    "throughput" : 20.733982998133943,
    "receivedKBytesPerSec" : 18.283971335268504,
    "sentKBytesPerSec" : 3.0169565104706613
  },
  "Total" : {
    "transaction" : "Total",
    "sampleCount" : 100,
    "errorCount" : 0,
    "errorPct" : 0.0,
    "meanResTime" : 3095.6800000000003,
    "medianResTime" : 3198.0,
    "minResTime" : 1161.0,
    "maxResTime" : 4530.0,
    "pct1ResTime" : 4111.1,
    "pct2ResTime" : 4337.15,
    "pct3ResTime" : 4529.299999999999,
    "throughput" : 20.733982998133943,
    "receivedKBytesPerSec" : 18.283971335268504,
    "sentKBytesPerSec" : 3.0169565104706613
  }
}