{
  "Petición HTTP" : {
    "transaction" : "Petición HTTP",
    "sampleCount" : 100,
    "errorCount" : 100,
    "errorPct" : 100.0,
    "meanResTime" : 133290.68999999992,
    "medianResTime" : 132897.0,
    "minResTime" : 132403.0,
    "maxResTime" : 136486.0,
    "pct1ResTime" : 136396.0,
    "pct2ResTime" : 136445.6,
    "pct3ResTime" : 136485.91,
    "throughput" : 0.7286877063097069,
    "receivedKBytesPerSec" : 2.0102956741454316,
    "sentKBytesPerSec" : 0.0
  },
  "Total" : {
    "transaction" : "Total",
    "sampleCount" : 100,
    "errorCount" : 100,
    "errorPct" : 100.0,
    "meanResTime" : 133290.68999999992,
    "medianResTime" : 132897.0,
    "minResTime" : 132403.0,
    "maxResTime" : 136486.0,
    "pct1ResTime" : 136396.0,
    "pct2ResTime" : 136445.6,
    "pct3ResTime" : 136485.91,
    "throughput" : 0.7286877063097069,
    "receivedKBytesPerSec" : 2.0102956741454316,
    "sentKBytesPerSec" : 0.0
  }
}