{
  "Petición HTTP" : {
    "transaction" : "Petición HTTP",
    "sampleCount" : 100,
    "errorCount" : 100,
    "errorPct" : 100.0,
    "meanResTime" : 135715.38999999998,
    "medianResTime" : 135716.5,
    "minResTime" : 135222.0,
    "maxResTime" : 136111.0,
    "pct1ResTime" : 136091.8,
    "pct2ResTime" : 136097.0,
    "pct3ResTime" : 136110.96,
    "throughput" : 0.7346890795815211,
    "receivedKBytesPerSec" : 2.0268521970876927,
    "sentKBytesPerSec" : 0.0
  },
  "Total" : {
    "transaction" : "Total",
    "sampleCount" : 100,
    "errorCount" : 100,
    "errorPct" : 100.0,
    "meanResTime" : 135715.38999999998,
    "medianResTime" : 135716.5,
    "minResTime" : 135222.0,
    "maxResTime" : 136111.0,
    "pct1ResTime" : 136091.8,
    "pct2ResTime" : 136097.0,
    "pct3ResTime" : 136110.96,
    "throughput" : 0.7346890795815211,
    "receivedKBytesPerSec" : 2.0268521970876927,
    "sentKBytesPerSec" : 0.0
  }
}