{
  "Petición HTTP" : {
    "transaction" : "Petición HTTP",
    "sampleCount" : 100,
    "errorCount" : 100,
    "errorPct" : 100.0,
    "meanResTime" : 132984.28999999992,
    "medianResTime" : 132987.5,
    "minResTime" : 132501.0,
    "maxResTime" : 133386.0,
    "pct1ResTime" : 133368.9,
    "pct2ResTime" : 133375.95,
    "pct3ResTime" : 133385.95,
    "throughput" : 0.7496870056751306,
    "receivedKBytesPerSec" : 2.068228311554926,
    "sentKBytesPerSec" : 0.0
  },
  "Total" : {
    "transaction" : "Total",
    "sampleCount" : 100,
    "errorCount" : 100,
    "errorPct" : 100.0,
    "meanResTime" : 132984.28999999992,
    "medianResTime" : 132987.5,
    "minResTime" : 132501.0,
    "maxResTime" : 133386.0,
    "pct1ResTime" : 133368.9,
    "pct2ResTime" : 133375.95,
    "pct3ResTime" : 133385.95,
    "throughput" : 0.7496870056751306,
    "receivedKBytesPerSec" : 2.068228311554926,
    "sentKBytesPerSec" : 0.0
  }
}