{
  "Petición HTTP" : {
    "transaction" : "Petición HTTP",
    "sampleCount" : 100,
    "errorCount" : 100,
    "errorPct" : 100.0,
    "meanResTime" : 134460.68999999994,
    "medianResTime" : 134480.5,
    "minResTime" : 133999.0,
    "maxResTime" : 134880.0,
    "pct1ResTime" : 134834.8,
    "pct2ResTime" : 134839.95,
    "pct3ResTime" : 134879.99,
    "throughput" : 0.7413722800904474,
    "receivedKBytesPerSec" : 2.045289737554213,
    "sentKBytesPerSec" : 0.0
  },
  "Total" : {
    "transaction" : "Total",
    "sampleCount" : 100,
    "errorCount" : 100,
    "errorPct" : 100.0,
    "meanResTime" : 134460.68999999994,
    "medianResTime" : 134480.5,
    "minResTime" : 133999.0,
    "maxResTime" : 134880.0,
    "pct1ResTime" : 134834.8,
    "pct2ResTime" : 134839.95,
    "pct3ResTime" : 134879.99,
    "throughput" : 0.7413722800904474,
    "receivedKBytesPerSec" : 2.045289737554213,
    "sentKBytesPerSec" : 0.0
  }
}