{
  "Petición HTTP" : {
    "transaction" : "Petición HTTP",
    "sampleCount" : 100,
    "errorCount" : 100,
    "errorPct" : 100.0,
    "meanResTime" : 136430.13,
    "medianResTime" : 136441.5,
    "minResTime" : 135949.0,
    "maxResTime" : 136827.0,
    "pct1ResTime" : 136810.9,
    "pct2ResTime" : 136817.9,
    "pct3ResTime" : 136826.98,
    "throughput" : 0.7308445639781331,
    "receivedKBytesPerSec" : 2.016245989490455,
    "sentKBytesPerSec" : 0.0
  },
  "Total" : {
    "transaction" : "Total",
    "sampleCount" : 100,
    "errorCount" : 100,
    "errorPct" : 100.0,
    "meanResTime" : 136430.13,
    "medianResTime" : 136441.5,
    "minResTime" : 135949.0,
    "maxResTime" : 136827.0,
    "pct1ResTime" : 136810.9,
    "pct2ResTime" : 136817.9,
    "pct3ResTime" : 136826.98,
    "throughput" : 0.7308445639781331,
    "receivedKBytesPerSec" : 2.016245989490455,
    "sentKBytesPerSec" : 0.0
  }
}