{
  "Petición HTTP" : {
    "transaction" : "Petición HTTP",
    "sampleCount" : 100,
    "errorCount" : 100,
    "errorPct" : 100.0,
    "meanResTime" : 134753.12,
    "medianResTime" : 134766.5,
    "minResTime" : 134253.0,
    "maxResTime" : 135149.0,
    "pct1ResTime" : 135132.9,
    "pct2ResTime" : 135145.0,
    "pct3ResTime" : 135149.0,
    "throughput" : 0.7397981830556624,
    "receivedKBytesPerSec" : 2.0409471358713343,
    "sentKBytesPerSec" : 0.0
  },
  "Total" : {
    "transaction" : "Total",
    "sampleCount" : 100,
    "errorCount" : 100,
    "errorPct" : 100.0,
    "meanResTime" : 134753.12,
    "medianResTime" : 134766.5,
    "minResTime" : 134253.0,
    "maxResTime" : 135149.0,
    "pct1ResTime" : 135132.9,
    "pct2ResTime" : 135145.0,
    "pct3ResTime" : 135149.0,
    "throughput" : 0.7397981830556624,
    "receivedKBytesPerSec" : 2.0409471358713343,
    "sentKBytesPerSec" : 0.0
  }
}