{
  "Petición HTTP" : {
    "transaction" : "Petición HTTP",
    "sampleCount" : 100,
    "errorCount" : 100,
    "errorPct" : 100.0,
    "meanResTime" : 133249.2399999999,
    "medianResTime" : 133255.0,
    "minResTime" : 132778.0,
    "maxResTime" : 133650.0,
    "pct1ResTime" : 133624.9,
    "pct2ResTime" : 133639.9,
    "pct3ResTime" : 133649.95,
    "throughput" : 0.748161393375779,
    "receivedKBytesPerSec" : 2.064019469029859,
    "sentKBytesPerSec" : 0.0
  },
  "Total" : {
    "transaction" : "Total",
    "sampleCount" : 100,
    "errorCount" : 100,
    "errorPct" : 100.0,
    "meanResTime" : 133249.2399999999,
    "medianResTime" : 133255.0,
    "minResTime" : 132778.0,
    "maxResTime" : 133650.0,
    "pct1ResTime" : 133624.9,
    "pct2ResTime" : 133639.9,
    "pct3ResTime" : 133649.95,
    "throughput" : 0.748161393375779,
    "receivedKBytesPerSec" : 2.064019469029859,
    "sentKBytesPerSec" : 0.0
  }
}