{
  "Petición HTTP" : {
    "transaction" : "Petición HTTP",
    "sampleCount" : 100,
    "errorCount" : 100,
    "errorPct" : 100.0,
    "meanResTime" : 135515.37,
    "medianResTime" : 135538.0,
    "minResTime" : 135006.0,
    "maxResTime" : 135924.0,
    "pct1ResTime" : 135902.8,
    "pct2ResTime" : 135910.0,
    "pct3ResTime" : 135923.99,
    "throughput" : 0.7356673606462102,
    "receivedKBytesPerSec" : 2.0295510681890074,
    "sentKBytesPerSec" : 0.0
  },
  "Total" : {
    "transaction" : "Total",
    "sampleCount" : 100,
    "errorCount" : 100,
    "errorPct" : 100.0,
    "meanResTime" : 135515.37,
    "medianResTime" : 135538.0,
    "minResTime" : 135006.0,
    "maxResTime" : 135924.0,
    "pct1ResTime" : 135902.8,
    "pct2ResTime" : 135910.0,
    "pct3ResTime" : 135923.99,
    "throughput" : 0.7356673606462102,
    "receivedKBytesPerSec" : 2.0295510681890074,
    "sentKBytesPerSec" : 0.0
  }
}