{
  "Petición HTTP" : {
    "transaction" : "Petición HTTP",
    "sampleCount" : 100,
    "errorCount" : 100,
    "errorPct" : 100.0,
    "meanResTime" : 134810.1599999999,
    "medianResTime" : 135996.0,
    "minResTime" : 132401.0,
    "maxResTime" : 136486.0,
    "pct1ResTime" : 136396.9,
    "pct2ResTime" : 136448.4,
    "pct3ResTime" : 136485.9,
    "throughput" : 0.7312614259597806,
    "receivedKBytesPerSec" : 2.0173960237659965,
    "sentKBytesPerSec" : 0.0
  },
  "Total" : {
    "transaction" : "Total",
    "sampleCount" : 100,
    "errorCount" : 100,
    "errorPct" : 100.0,
    "meanResTime" : 134810.1599999999,
    "medianResTime" : 135996.0,
    "minResTime" : 132401.0,
    "maxResTime" : 136486.0,
    "pct1ResTime" : 136396.9,
    "pct2ResTime" : 136448.4,
    "pct3ResTime" : 136485.9,
    "throughput" : 0.7312614259597806,
    "receivedKBytesPerSec" : 2.0173960237659965,
    "sentKBytesPerSec" : 0.0
  }
}