{
  "Petición HTTP" : {
    "transaction" : "Petición HTTP",
    "sampleCount" : 100,
    "errorCount" : 100,
    "errorPct" : 100.0,
    "meanResTime" : 136161.42,
    "medianResTime" : 136169.0,
    "minResTime" : 135676.0,
    "maxResTime" : 136558.0,
    "pct1ResTime" : 136547.0,
    "pct2ResTime" : 136552.9,
    "pct3ResTime" : 136558.0,
    "throughput" : 0.732230594058681,
    "receivedKBytesPerSec" : 2.0200697541169665,
    "sentKBytesPerSec" : 0.0
  },
  "Total" : {
    "transaction" : "Total",
    "sampleCount" : 100,
    "errorCount" : 100,
    "errorPct" : 100.0,
    "meanResTime" : 136161.42,
    "medianResTime" : 136169.0,
    "minResTime" : 135676.0,
    "maxResTime" : 136558.0,
    "pct1ResTime" : 136547.0,
    "pct2ResTime" : 136552.9,
    "pct3ResTime" : 136558.0,
    "throughput" : 0.732230594058681,
    "receivedKBytesPerSec" : 2.0200697541169665,
    "sentKBytesPerSec" : 0.0
  }
}