{
  "Petición HTTP" : {
    "transaction" : "Petición HTTP",
    "sampleCount" : 100,
    "errorCount" : 100,
    "errorPct" : 100.0,
    "meanResTime" : 135669.75000000006,
    "medianResTime" : 135676.0,
    "minResTime" : 135188.0,
    "maxResTime" : 136057.0,
    "pct1ResTime" : 136048.0,
    "pct2ResTime" : 136050.0,
    "pct3ResTime" : 136056.95,
    "throughput" : 0.7349158521349306,
    "receivedKBytesPerSec" : 2.027477814727714,
    "sentKBytesPerSec" : 0.0
  },
  "Total" : {
    "transaction" : "Total",
    "sampleCount" : 100,
    "errorCount" : 100,
    "errorPct" : 100.0,
    "meanResTime" : 135669.75000000006,
    "medianResTime" : 135676.0,
    "minResTime" : 135188.0,
    "maxResTime" : 136057.0,
    "pct1ResTime" : 136048.0,
    "pct2ResTime" : 136050.0,
    "pct3ResTime" : 136056.95,
    "throughput" : 0.7349158521349306,
    "receivedKBytesPerSec" : 2.027477814727714,
    "sentKBytesPerSec" : 0.0
  }
}