{
  "Petición HTTP" : {
    "transaction" : "Petición HTTP",
    "sampleCount" : 100,
    "errorCount" : 100,
    "errorPct" : 100.0,
    "meanResTime" : 135628.88000000006,
    "medianResTime" : 135632.5,
    "minResTime" : 135145.0,
    "maxResTime" : 136023.0,
    "pct1ResTime" : 136011.9,
    "pct2ResTime" : 136020.0,
    "pct3ResTime" : 136022.99,
    "throughput" : 0.7351481691134849,
    "receivedKBytesPerSec" : 2.0281187282671826,
    "sentKBytesPerSec" : 0.0
  },
  "Total" : {
    "transaction" : "Total",
    "sampleCount" : 100,
    "errorCount" : 100,
    "errorPct" : 100.0,
    "meanResTime" : 135628.88000000006,
    "medianResTime" : 135632.5,
    "minResTime" : 135145.0,
    "maxResTime" : 136023.0,
    "pct1ResTime" : 136011.9,
    "pct2ResTime" : 136020.0,
    "pct3ResTime" : 136022.99,
    "throughput" : 0.7351481691134849,
    "receivedKBytesPerSec" : 2.0281187282671826,
    "sentKBytesPerSec" : 0.0
  }
}