{
  "Petición HTTP" : {
    "transaction" : "Petición HTTP",
    "sampleCount" : 100,
    "errorCount" : 100,
    "errorPct" : 100.0,
    "meanResTime" : 134125.68999999997,
    "medianResTime" : 132872.0,
    "minResTime" : 132400.0,
    "maxResTime" : 136485.0,
    "pct1ResTime" : 136393.3,
    "pct2ResTime" : 136449.25,
    "pct3ResTime" : 136484.94,
    "throughput" : 0.7300602299689724,
    "receivedKBytesPerSec" : 2.014082177404636,
    "sentKBytesPerSec" : 0.0
  },
  "Total" : {
    "transaction" : "Total",
    "sampleCount" : 100,
    "errorCount" : 100,
    "errorPct" : 100.0,
    "meanResTime" : 134125.68999999997,
    "medianResTime" : 132872.0,
    "minResTime" : 132400.0,
    "maxResTime" : 136485.0,
    "pct1ResTime" : 136393.3,
    "pct2ResTime" : 136449.25,
    "pct3ResTime" : 136484.94,
    "throughput" : 0.7300602299689724,
    "receivedKBytesPerSec" : 2.014082177404636,
    "sentKBytesPerSec" : 0.0
  }
}