{
  "Petición HTTP" : {
    "transaction" : "Petición HTTP",
    "sampleCount" : 100,
    "errorCount" : 100,
    "errorPct" : 100.0,
    "meanResTime" : 134212.99000000002,
    "medianResTime" : 134227.0,
    "minResTime" : 133744.0,
    "maxResTime" : 134607.0,
    "pct1ResTime" : 134581.9,
    "pct2ResTime" : 134592.85,
    "pct3ResTime" : 134607.0,
    "throughput" : 0.7428482286783987,
    "receivedKBytesPerSec" : 2.0493615683754656,
    "sentKBytesPerSec" : 0.0
  },
  "Total" : {
    "transaction" : "Total",
    "sampleCount" : 100,
    "errorCount" : 100,
    "errorPct" : 100.0,
    "meanResTime" : 134212.99000000002,
    "medianResTime" : 134227.0,
    "minResTime" : 133744.0,
    "maxResTime" : 134607.0,
    "pct1ResTime" : 134581.9,
    "pct2ResTime" : 134592.85,
    "pct3ResTime" : 134607.0,
    "throughput" : 0.7428482286783987,
    "receivedKBytesPerSec" : 2.0493615683754656,
    "sentKBytesPerSec" : 0.0
  }
}