{
  "Petición HTTP" : {
    "transaction" : "Petición HTTP",
    "sampleCount" : 100,
    "errorCount" : 100,
    "errorPct" : 100.0,
    "meanResTime" : 134850.89000000007,
    "medianResTime" : 134855.0,
    "minResTime" : 134370.0,
    "maxResTime" : 135269.0,
    "pct1ResTime" : 135236.9,
    "pct2ResTime" : 135237.0,
    "pct3ResTime" : 135268.7,
    "throughput" : 0.7392458214129946,
    "receivedKBytesPerSec" : 2.0394232866129975,
    "sentKBytesPerSec" : 0.0
  },
  "Total" : {
    "transaction" : "Total",
    "sampleCount" : 100,
    "errorCount" : 100,
    "errorPct" : 100.0,
    "meanResTime" : 134850.89000000007,
    "medianResTime" : 134855.0,
    "minResTime" : 134370.0,
    "maxResTime" : 135269.0,
    "pct1ResTime" : 135236.9,
    "pct2ResTime" : 135237.0,
    "pct3ResTime" : 135268.7,
    "throughput" : 0.7392458214129946,
    "receivedKBytesPerSec" : 2.0394232866129975,
    "sentKBytesPerSec" : 0.0
  }
}