{
  "Petición HTTP" : {
    "transaction" : "Petición HTTP",
    "sampleCount" : 100,
    "errorCount" : 100,
    "errorPct" : 100.0,
    "meanResTime" : 134068.59000000003,
    "medianResTime" : 132884.0,
    "minResTime" : 132420.0,
    "maxResTime" : 136484.0,
    "pct1ResTime" : 136399.4,
    "pct2ResTime" : 136448.7,
    "pct3ResTime" : 136483.87,
    "throughput" : 0.7299909481122434,
    "receivedKBytesPerSec" : 2.013891043376062,
    "sentKBytesPerSec" : 0.0
  },
  "Total" : {
    "transaction" : "Total",
    "sampleCount" : 100,
    "errorCount" : 100,
    "errorPct" : 100.0,
    "meanResTime" : 134068.59000000003,
    "medianResTime" : 132884.0,
    "minResTime" : 132420.0,
    "maxResTime" : 136484.0,
    "pct1ResTime" : 136399.4,
    "pct2ResTime" : 136448.7,
    "pct3ResTime" : 136483.87,
    "throughput" : 0.7299909481122434,
    "receivedKBytesPerSec" : 2.013891043376062,
    "sentKBytesPerSec" : 0.0
  }
}