{
  "Petición HTTP" : {
    "transaction" : "Petición HTTP",
    "sampleCount" : 100,
    "errorCount" : 100,
    "errorPct" : 100.0,
    "meanResTime" : 135182.66000000003,
    "medianResTime" : 135188.5,
    "minResTime" : 134692.0,
    "maxResTime" : 135572.0,
    "pct1ResTime" : 135569.9,
    "pct2ResTime" : 135571.0,
    "pct3ResTime" : 135572.0,
    "throughput" : 0.73745768836513,
    "receivedKBytesPerSec" : 2.0344902047182543,
    "sentKBytesPerSec" : 0.0
  },
  "Total" : {
    "transaction" : "Total",
    "sampleCount" : 100,
    "errorCount" : 100,
    "errorPct" : 100.0,
    "meanResTime" : 135182.66000000003,
    "medianResTime" : 135188.5,
    "minResTime" : 134692.0,
    "maxResTime" : 135572.0,
    "pct1ResTime" : 135569.9,
    "pct2ResTime" : 135571.0,
    "pct3ResTime" : 135572.0,
    "throughput" : 0.73745768836513,
    "receivedKBytesPerSec" : 2.0344902047182543,
    "sentKBytesPerSec" : 0.0
  }
}