{
  "Petición HTTP" : {
    "transaction" : "Petición HTTP",
    "sampleCount" : 100,
    "errorCount" : 100,
    "errorPct" : 100.0,
    "meanResTime" : 133890.27000000002,
    "medianResTime" : 133896.0,
    "minResTime" : 133401.0,
    "maxResTime" : 134279.0,
    "pct1ResTime" : 134270.9,
    "pct2ResTime" : 134272.95,
    "pct3ResTime" : 134278.98,
    "throughput" : 0.7446071824808822,
    "receivedKBytesPerSec" : 2.054214150887199,
    "sentKBytesPerSec" : 0.0
  },
  "Total" : {
    "transaction" : "Total",
    "sampleCount" : 100,
    "errorCount" : 100,
    "errorPct" : 100.0,
    "meanResTime" : 133890.27000000002,
    "medianResTime" : 133896.0,
    "minResTime" : 133401.0,
    "maxResTime" : 134279.0,
    "pct1ResTime" : 134270.9,
    "pct2ResTime" : 134272.95,
    "pct3ResTime" : 134278.98,
    "throughput" : 0.7446071824808822,
    "receivedKBytesPerSec" : 2.054214150887199,
    "sentKBytesPerSec" : 0.0
  }
}