{
  "Petición HTTP" : {
    "transaction" : "Petición HTTP",
    "sampleCount" : 100,
    "errorCount" : 100,
    "errorPct" : 100.0,
    "meanResTime" : 133991.15,
    "medianResTime" : 133998.0,
    "minResTime" : 133503.0,
    "maxResTime" : 134381.0,
    "pct1ResTime" : 134371.9,
    "pct2ResTime" : 134373.0,
    "pct3ResTime" : 134380.93,
    "throughput" : 0.7441417441194199,
    "receivedKBytesPerSec" : 2.052930104626329,
    "sentKBytesPerSec" : 0.0
  },
  "Total" : {
    "transaction" : "Total",
    "sampleCount" : 100,
    "errorCount" : 100,
    "errorPct" : 100.0,
    "meanResTime" : 133991.15,
    "medianResTime" : 133998.0,
    "minResTime" : 133503.0,
    "maxResTime" : 134381.0,
    "pct1ResTime" : 134371.9,
    "pct2ResTime" : 134373.0,
    "pct3ResTime" : 134380.93,
    "throughput" : 0.7441417441194199,
    "receivedKBytesPerSec" : 2.052930104626329,
    "sentKBytesPerSec" : 0.0
  }
}