{
  "Petición HTTP" : {
    "transaction" : "Petición HTTP",
    "sampleCount" : 100,
    "errorCount" : 100,
    "errorPct" : 100.0,
    "meanResTime" : 837.2999999999997,
    "medianResTime" : 823.0,
    "minResTime" : 362.0,
    "maxResTime" : 1289.0,
    "pct1ResTime" : 1191.8,
    "pct2ResTime" : 1214.4499999999998,
    "pct3ResTime" : 1288.82,
    "throughput" : 77.57951900698215,
    "receivedKBytesPerSec" : 33.63799456943367,
    "sentKBytesPerSec" : 11.288426105508147
  },
  "Total" : {
    "transaction" : "Total",
    "sampleCount" : 100,
    "errorCount" : 100,
    "errorPct" : 100.0,
    "meanResTime" : 837.2999999999997,
    "medianResTime" : 823.0,
    "minResTime" : 362.0,
    "maxResTime" : 1289.0,
    "pct1ResTime" : 1191.8,
    "pct2ResTime" : 1214.4499999999998,
    "pct3ResTime" : 1288.82,
    "throughput" : 77.57951900698215,
    "receivedKBytesPerSec" : 33.63799456943367,
    "sentKBytesPerSec" : 11.288426105508147
  }
}