{
  "Petición HTTP" : {
    "transaction" : "Petición HTTP",
    "sampleCount" : 100,
    "errorCount" : 100,
    "errorPct" : 100.0,
    "meanResTime" : 134015.71000000002,
    "medianResTime" : 134030.0,
    "minResTime" : 133527.0,
    "maxResTime" : 134404.0,
    "pct1ResTime" : 134393.9,
    "pct2ResTime" : 134397.0,
    "pct3ResTime" : 134403.95,
    "throughput" : 0.7439977977665185,
    "receivedKBytesPerSec" : 2.0525329870023588,
    "sentKBytesPerSec" : 0.0
  },
  "Total" : {
    "transaction" : "Total",
    "sampleCount" : 100,
    "errorCount" : 100,
    "errorPct" : 100.0,
    "meanResTime" : 134015.71000000002,
    "medianResTime" : 134030.0,
    "minResTime" : 133527.0,
    "maxResTime" : 134404.0,
    "pct1ResTime" : 134393.9,
    "pct2ResTime" : 134397.0,
    "pct3ResTime" : 134403.95,
    "throughput" : 0.7439977977665185,
    "receivedKBytesPerSec" : 2.0525329870023588,
    "sentKBytesPerSec" : 0.0
  }
}