{
  "Petición HTTP" : {
    "transaction" : "Petición HTTP",
    "sampleCount" : 100,
    "errorCount" : 100,
    "errorPct" : 100.0,
    "meanResTime" : 136256.79000000007,
    "medianResTime" : 136269.5,
    "minResTime" : 135764.0,
    "maxResTime" : 136644.0,
    "pct1ResTime" : 136634.0,
    "pct2ResTime" : 136637.9,
    "pct3ResTime" : 136643.99,
    "throughput" : 0.7316680568359746,
    "receivedKBytesPerSec" : 2.018517832579715,
    "sentKBytesPerSec" : 0.0
  },
  "Total" : {
    "transaction" : "Total",
    "sampleCount" : 100,
    "errorCount" : 100,
    "errorPct" : 100.0,
    "meanResTime" : 136256.79000000007,
    "medianResTime" : 136269.5,
    "minResTime" : 135764.0,
    "maxResTime" : 136644.0,
    "pct1ResTime" : 136634.0,
    "pct2ResTime" : 136637.9,
    "pct3ResTime" : 136643.99,
    "throughput" : 0.7316680568359746,
    "receivedKBytesPerSec" : 2.018517832579715,
    "sentKBytesPerSec" : 0.0
  }
}