{
  "Petición HTTP" : {
    "transaction" : "Petición HTTP",
    "sampleCount" : 100,
    "errorCount" : 100,
    "errorPct" : 100.0,
    "meanResTime" : 134038.55000000005,
    "medianResTime" : 134054.0,
    "minResTime" : 133559.0,
    "maxResTime" : 134431.0,
    "pct1ResTime" : 134419.6,
    "pct2ResTime" : 134427.0,
    "pct3ResTime" : 134430.99,
    "throughput" : 0.7438373079040153,
    "receivedKBytesPerSec" : 2.0520902293250423,
    "sentKBytesPerSec" : 0.0
  },
  "Total" : {
    "transaction" : "Total",
    "sampleCount" : 100,
    "errorCount" : 100,
    "errorPct" : 100.0,
    "meanResTime" : 134038.55000000005,
    "medianResTime" : 134054.0,
    "minResTime" : 133559.0,
    "maxResTime" : 134431.0,
    "pct1ResTime" : 134419.6,
    "pct2ResTime" : 134427.0,
    "pct3ResTime" : 134430.99,
    "throughput" : 0.7438373079040153,
    "receivedKBytesPerSec" : 2.0520902293250423,
    "sentKBytesPerSec" : 0.0
  }
}