{
  "Petición HTTP" : {
    "transaction" : "Petición HTTP",
    "sampleCount" : 100,
    "errorCount" : 100,
    "errorPct" : 100.0,
    "meanResTime" : 133942.28000000003,
    "medianResTime" : 133950.5,
    "minResTime" : 133457.0,
    "maxResTime" : 134329.0,
    "pct1ResTime" : 134316.0,
    "pct2ResTime" : 134321.9,
    "pct3ResTime" : 134329.0,
    "throughput" : 0.7443577681176681,
    "receivedKBytesPerSec" : 2.053526069269934,
    "sentKBytesPerSec" : 0.0
  },
  "Total" : {
    "transaction" : "Total",
    "sampleCount" : 100,
    "errorCount" : 100,
    "errorPct" : 100.0,
    "meanResTime" : 133942.28000000003,
    "medianResTime" : 133950.5,
    "minResTime" : 133457.0,
    "maxResTime" : 134329.0,
    "pct1ResTime" : 134316.0,
    "pct2ResTime" : 134321.9,
    "pct3ResTime" : 134329.0,
    "throughput" : 0.7443577681176681,
    "receivedKBytesPerSec" : 2.053526069269934,
    "sentKBytesPerSec" : 0.0
  }
}