{
  "Petición HTTP" : {
    "transaction" : "Petición HTTP",
    "sampleCount" : 100,
    "errorCount" : 100,
    "errorPct" : 100.0,
    "meanResTime" : 133591.82999999996,
    "medianResTime" : 133600.5,
    "minResTime" : 133102.0,
    "maxResTime" : 133981.0,
    "pct1ResTime" : 133970.0,
    "pct2ResTime" : 133977.95,
    "pct3ResTime" : 133980.99,
    "throughput" : 0.7463744859345728,
    "receivedKBytesPerSec" : 2.0590897683253595,
    "sentKBytesPerSec" : 0.0
  },
  "Total" : {
    "transaction" : "Total",
    "sampleCount" : 100,
    "errorCount" : 100,
    "errorPct" : 100.0,
    "meanResTime" : 133591.82999999996,
    "medianResTime" : 133600.5,
    "minResTime" : 133102.0,
    "maxResTime" : 133981.0,
    "pct1ResTime" : 133970.0,
    "pct2ResTime" : 133977.95,
    "pct3ResTime" : 133980.99,
    "throughput" : 0.7463744859345728,
    "receivedKBytesPerSec" : 2.0590897683253595,
    "sentKBytesPerSec" : 0.0
  }
}