{
  "Petición HTTP" : {
    "transaction" : "Petición HTTP",
    "sampleCount" : 100,
    "errorCount" : 100,
    "errorPct" : 100.0,
    "meanResTime" : 133074.86,
    "medianResTime" : 132895.0,
    "minResTime" : 132397.0,
    "maxResTime" : 136482.0,
    "pct1ResTime" : 133215.0,
    "pct2ResTime" : 136441.5,
    "pct3ResTime" : 136481.9,
    "throughput" : 0.7283002927767177,
    "receivedKBytesPerSec" : 2.0092268819279564,
    "sentKBytesPerSec" : 0.0
  },
  "Total" : {
    "transaction" : "Total",
    "sampleCount" : 100,
    "errorCount" : 100,
    "errorPct" : 100.0,
    "meanResTime" : 133074.86,
    "medianResTime" : 132895.0,
    "minResTime" : 132397.0,
    "maxResTime" : 136482.0,
    "pct1ResTime" : 133215.0,
    "pct2ResTime" : 136441.5,
    "pct3ResTime" : 136481.9,
    "throughput" : 0.7283002927767177,
    "receivedKBytesPerSec" : 2.0092268819279564,
    "sentKBytesPerSec" : 0.0
  }
}