{
  "Petición HTTP" : {
    "transaction" : "Petición HTTP",
    "sampleCount" : 100,
    "errorCount" : 100,
    "errorPct" : 100.0,
    "meanResTime" : 133478.86999999997,
    "medianResTime" : 132895.0,
    "minResTime" : 132411.0,
    "maxResTime" : 136485.0,
    "pct1ResTime" : 136397.1,
    "pct2ResTime" : 136446.45,
    "pct3ResTime" : 136484.91,
    "throughput" : 0.7289586097301396,
    "receivedKBytesPerSec" : 2.0110430395387153,
    "sentKBytesPerSec" : 0.0
  },
  "Total" : {
    "transaction" : "Total",
    "sampleCount" : 100,
    "errorCount" : 100,
    "errorPct" : 100.0,
    "meanResTime" : 133478.86999999997,
    "medianResTime" : 132895.0,
    "minResTime" : 132411.0,
    "maxResTime" : 136485.0,
    "pct1ResTime" : 136397.1,
    "pct2ResTime" : 136446.45,
    "pct3ResTime" : 136484.91,
    "throughput" : 0.7289586097301396,
    "receivedKBytesPerSec" : 2.0110430395387153,
    "sentKBytesPerSec" : 0.0
  }
}