{
  "Petición HTTP" : {
    "transaction" : "Petición HTTP",
    "sampleCount" : 100,
    "errorCount" : 100,
    "errorPct" : 100.0,
    "meanResTime" : 135527.1100000001,
    "medianResTime" : 135535.5,
    "minResTime" : 135042.0,
    "maxResTime" : 135908.0,
    "pct1ResTime" : 135904.0,
    "pct2ResTime" : 135907.0,
    "pct3ResTime" : 135908.0,
    "throughput" : 0.7357918591988698,
    "receivedKBytesPerSec" : 2.029894533434382,
    "sentKBytesPerSec" : 0.0
  },
  "Total" : {
    "transaction" : "Total",
    "sampleCount" : 100,
    "errorCount" : 100,
    "errorPct" : 100.0,
    "meanResTime" : 135527.1100000001,
    "medianResTime" : 135535.5,
    "minResTime" : 135042.0,
    "maxResTime" : 135908.0,
    "pct1ResTime" : 135904.0,
    "pct2ResTime" : 135907.0,
    "pct3ResTime" : 135908.0,
    "throughput" : 0.7357918591988698,
    "receivedKBytesPerSec" : 2.029894533434382,
    "sentKBytesPerSec" : 0.0
  }
}