{
  "Petición HTTP" : {
    "transaction" : "Petición HTTP",
    "sampleCount" : 100,
    "errorCount" : 100,
    "errorPct" : 100.0,
    "meanResTime" : 133650.91999999995,
    "medianResTime" : 133657.5,
    "minResTime" : 133161.0,
    "maxResTime" : 134042.0,
    "pct1ResTime" : 134038.9,
    "pct2ResTime" : 134039.95,
    "pct3ResTime" : 134042.0,
    "throughput" : 0.7460014323227501,
    "receivedKBytesPerSec" : 2.0580605921013366,
    "sentKBytesPerSec" : 0.0
  },
  "Total" : {
    "transaction" : "Total",
    "sampleCount" : 100,
    "errorCount" : 100,
    "errorPct" : 100.0,
    "meanResTime" : 133650.91999999995,
    "medianResTime" : 133657.5,
    "minResTime" : 133161.0,
    "maxResTime" : 134042.0,
    "pct1ResTime" : 134038.9,
    "pct2ResTime" : 134039.95,
    "pct3ResTime" : 134042.0,
    "throughput" : 0.7460014323227501,
    "receivedKBytesPerSec" : 2.0580605921013366,
    "sentKBytesPerSec" : 0.0
  }
}