{
  "Petición HTTP" : {
    "transaction" : "Petición HTTP",
    "sampleCount" : 100,
    "errorCount" : 100,
    "errorPct" : 100.0,
    "meanResTime" : 136178.35999999996,
    "medianResTime" : 136183.0,
    "minResTime" : 135697.0,
    "maxResTime" : 136573.0,
    "pct1ResTime" : 136549.0,
    "pct2ResTime" : 136552.0,
    "pct3ResTime" : 136572.95,
    "throughput" : 0.7321448182450488,
    "receivedKBytesPerSec" : 2.0198331167404913,
    "sentKBytesPerSec" : 0.0
  },
  "Total" : {
    "transaction" : "Total",
    "sampleCount" : 100,
    "errorCount" : 100,
    "errorPct" : 100.0,
    "meanResTime" : 136178.35999999996,
    "medianResTime" : 136183.0,
    "minResTime" : 135697.0,
    "maxResTime" : 136573.0,
    "pct1ResTime" : 136549.0,
    "pct2ResTime" : 136552.0,
    "pct3ResTime" : 136572.95,
    "throughput" : 0.7321448182450488,
    "receivedKBytesPerSec" : 2.0198331167404913,
    "sentKBytesPerSec" : 0.0
  }
}