{
  "Petición HTTP" : {
    "transaction" : "Petición HTTP",
    "sampleCount" : 100,
    "errorCount" : 100,
    "errorPct" : 100.0,
    "meanResTime" : 133623.9500000001,
    "medianResTime" : 133629.5,
    "minResTime" : 133133.0,
    "maxResTime" : 134013.0,
    "pct1ResTime" : 134009.0,
    "pct2ResTime" : 134011.0,
    "pct3ResTime" : 134012.99,
    "throughput" : 0.7460014323227501,
    "receivedKBytesPerSec" : 2.0580605921013366,
    "sentKBytesPerSec" : 0.0
  },
  "Total" : {
    "transaction" : "Total",
    "sampleCount" : 100,
    "errorCount" : 100,
    "errorPct" : 100.0,
    "meanResTime" : 133623.9500000001,
    "medianResTime" : 133629.5,
    "minResTime" : 133133.0,
    "maxResTime" : 134013.0,
    "pct1ResTime" : 134009.0,
    "pct2ResTime" : 134011.0,
    "pct3ResTime" : 134012.99,
    "throughput" : 0.7460014323227501,
    "receivedKBytesPerSec" : 2.0580605921013366,
    "sentKBytesPerSec" : 0.0
  }
}