{
  "Petición HTTP" : {
    "transaction" : "Petición HTTP",
    "sampleCount" : 100,
    "errorCount" : 100,
    "errorPct" : 100.0,
    "meanResTime" : 134220.2000000001,
    "medianResTime" : 132835.5,
    "minResTime" : 132404.0,
    "maxResTime" : 136492.0,
    "pct1ResTime" : 136395.1,
    "pct2ResTime" : 136448.4,
    "pct3ResTime" : 136491.89,
    "throughput" : 0.7302521560694908,
    "receivedKBytesPerSec" : 2.0146116610315543,
    "sentKBytesPerSec" : 0.0
  },
  "Total" : {
    "transaction" : "Total",
    "sampleCount" : 100,
    "errorCount" : 100,
    "errorPct" : 100.0,
    "meanResTime" : 134220.2000000001,
    "medianResTime" : 132835.5,
    "minResTime" : 132404.0,
    "maxResTime" : 136492.0,
    "pct1ResTime" : 136395.1,
    "pct2ResTime" : 136448.4,
    "pct3ResTime" : 136491.89,
    "throughput" : 0.7302521560694908,
    "receivedKBytesPerSec" : 2.0146116610315543,
    "sentKBytesPerSec" : 0.0
  }
}