{
  "Petición HTTP" : {
    "transaction" : "Petición HTTP",
    "sampleCount" : 100,
    "errorCount" : 100,
    "errorPct" : 100.0,
    "meanResTime" : 133489.63000000006,
    "medianResTime" : 133501.5,
    "minResTime" : 133011.0,
    "maxResTime" : 133879.0,
    "pct1ResTime" : 133867.0,
    "pct2ResTime" : 133874.8,
    "pct3ResTime" : 133879.0,
    "throughput" : 0.7469152400585581,
    "receivedKBytesPerSec" : 2.060581594888112,
    "sentKBytesPerSec" : 0.0
  },
  "Total" : {
    "transaction" : "Total",
    "sampleCount" : 100,
    "errorCount" : 100,
    "errorPct" : 100.0,
    "meanResTime" : 133489.63000000006,
    "medianResTime" : 133501.5,
    "minResTime" : 133011.0,
    "maxResTime" : 133879.0,
    "pct1ResTime" : 133867.0,
    "pct2ResTime" : 133874.8,
    "pct3ResTime" : 133879.0,
    "throughput" : 0.7469152400585581,
    "receivedKBytesPerSec" : 2.060581594888112,
    "sentKBytesPerSec" : 0.0
  }
}