{
  "Petición HTTP" : {
    "transaction" : "Petición HTTP",
    "sampleCount" : 100,
    "errorCount" : 100,
    "errorPct" : 100.0,
    "meanResTime" : 136074.93,
    "medianResTime" : 136077.0,
    "minResTime" : 135592.0,
    "maxResTime" : 136470.0,
    "pct1ResTime" : 136459.0,
    "pct2ResTime" : 136466.65,
    "pct3ResTime" : 136469.99,
    "throughput" : 0.7327188264775275,
    "receivedKBytesPerSec" : 2.021416684374038,
    "sentKBytesPerSec" : 0.0
  },
  "Total" : {
    "transaction" : "Total",
    "sampleCount" : 100,
    "errorCount" : 100,
    "errorPct" : 100.0,
    "meanResTime" : 136074.93,
    "medianResTime" : 136077.0,
    "minResTime" : 135592.0,
    "maxResTime" : 136470.0,
    "pct1ResTime" : 136459.0,
    "pct2ResTime" : 136466.65,
    "pct3ResTime" : 136469.99,
    "throughput" : 0.7327188264775275,
    "receivedKBytesPerSec" : 2.021416684374038,
    "sentKBytesPerSec" : 0.0
  }
}