{
  "Petición HTTP" : {
    "transaction" : "Petición HTTP",
    "sampleCount" : 100,
    "errorCount" : 100,
    "errorPct" : 100.0,
    "meanResTime" : 134504.9900000001,
    "medianResTime" : 134510.0,
    "minResTime" : 134007.0,
    "maxResTime" : 134913.0,
    "pct1ResTime" : 134882.6,
    "pct2ResTime" : 134894.95,
    "pct3ResTime" : 134912.9,
    "throughput" : 0.7411964392923056,
    "receivedKBytesPerSec" : 2.044804629883558,
    "sentKBytesPerSec" : 0.0
  },
  "Total" : {
    "transaction" : "Total",
    "sampleCount" : 100,
    "errorCount" : 100,
    "errorPct" : 100.0,
    "meanResTime" : 134504.9900000001,
    "medianResTime" : 134510.0,
    "minResTime" : 134007.0,
    "maxResTime" : 134913.0,
    "pct1ResTime" : 134882.6,
    "pct2ResTime" : 134894.95,
    "pct3ResTime" : 134912.9,
    "throughput" : 0.7411964392923056,
    "receivedKBytesPerSec" : 2.044804629883558,
    "sentKBytesPerSec" : 0.0
  }
}