{
  "Petición HTTP" : {
    "transaction" : "Petición HTTP",
    "sampleCount" : 100,
    "errorCount" : 100,
    "errorPct" : 100.0,
    "meanResTime" : 135469.6,
    "medianResTime" : 135476.0,
    "minResTime" : 134976.0,
    "maxResTime" : 135863.0,
    "pct1ResTime" : 135857.3,
    "pct2ResTime" : 135860.9,
    "pct3ResTime" : 135863.0,
    "throughput" : 0.7360138959423553,
    "receivedKBytesPerSec" : 2.0305070859737833,
    "sentKBytesPerSec" : 0.0
  },
  "Total" : {
    "transaction" : "Total",
    "sampleCount" : 100,
    "errorCount" : 100,
    "errorPct" : 100.0,
    "meanResTime" : 135469.6,
    "medianResTime" : 135476.0,
    "minResTime" : 134976.0,
    "maxResTime" : 135863.0,
    "pct1ResTime" : 135857.3,
    "pct2ResTime" : 135860.9,
    "pct3ResTime" : 135863.0,
    "throughput" : 0.7360138959423553,
    "receivedKBytesPerSec" : 2.0305070859737833,
    "sentKBytesPerSec" : 0.0
  }
}