{
  "Petición HTTP" : {
    "transaction" : "Petición HTTP",
    "sampleCount" : 100,
    "errorCount" : 100,
    "errorPct" : 100.0,
    "meanResTime" : 134212.93000000005,
    "medianResTime" : 134224.5,
    "minResTime" : 133732.0,
    "maxResTime" : 134622.0,
    "pct1ResTime" : 134601.9,
    "pct2ResTime" : 134611.9,
    "pct3ResTime" : 134621.98,
    "throughput" : 0.7428040854224698,
    "receivedKBytesPerSec" : 2.0492397864438257,
    "sentKBytesPerSec" : 0.0
  },
  "Total" : {
    "transaction" : "Total",
    "sampleCount" : 100,
    "errorCount" : 100,
    "errorPct" : 100.0,
    "meanResTime" : 134212.93000000005,
    "medianResTime" : 134224.5,
    "minResTime" : 133732.0,
    "maxResTime" : 134622.0,
    "pct1ResTime" : 134601.9,
    "pct2ResTime" : 134611.9,
    "pct3ResTime" : 134621.98,
    "throughput" : 0.7428040854224698,
    "receivedKBytesPerSec" : 2.0492397864438257,
    "sentKBytesPerSec" : 0.0
  }
}