{
  "Petición HTTP" : {
    "transaction" : "Petición HTTP",
    "sampleCount" : 100,
    "errorCount" : 100,
    "errorPct" : 100.0,
    "meanResTime" : 134560.26,
    "medianResTime" : 134564.0,
    "minResTime" : 134075.0,
    "maxResTime" : 134962.0,
    "pct1ResTime" : 134954.8,
    "pct2ResTime" : 134956.0,
    "pct3ResTime" : 134961.98,
    "throughput" : 0.7408669625195404,
    "receivedKBytesPerSec" : 2.043895672966505,
    "sentKBytesPerSec" : 0.0
  },
  "Total" : {
    "transaction" : "Total",
    "sampleCount" : 100,
    "errorCount" : 100,
    "errorPct" : 100.0,
    "meanResTime" : 134560.26,
    "medianResTime" : 134564.0,
    "minResTime" : 134075.0,
    "maxResTime" : 134962.0,
    "pct1ResTime" : 134954.8,
    "pct2ResTime" : 134956.0,
    "pct3ResTime" : 134961.98,
    "throughput" : 0.7408669625195404,
    "receivedKBytesPerSec" : 2.043895672966505,
    "sentKBytesPerSec" : 0.0
  }
}