{
  "Petición HTTP" : {
    "transaction" : "Petición HTTP",
    "sampleCount" : 100,
    "errorCount" : 100,
    "errorPct" : 100.0,
    "meanResTime" : 133765.8999999999,
    "medianResTime" : 133778.0,
    "minResTime" : 133275.0,
    "maxResTime" : 134175.0,
    "pct1ResTime" : 134153.0,
    "pct2ResTime" : 134154.0,
    "pct3ResTime" : 134175.0,
    "throughput" : 0.7451842468050226,
    "receivedKBytesPerSec" : 2.0558061496329967,
    "sentKBytesPerSec" : 0.0
  },
  "Total" : {
    "transaction" : "Total",
    "sampleCount" : 100,
    "errorCount" : 100,
    "errorPct" : 100.0,
    "meanResTime" : 133765.8999999999,
    "medianResTime" : 133778.0,
    "minResTime" : 133275.0,
    "maxResTime" : 134175.0,
    "pct1ResTime" : 134153.0,
    "pct2ResTime" : 134154.0,
    "pct3ResTime" : 134175.0,
    "throughput" : 0.7451842468050226,
    "receivedKBytesPerSec" : 2.0558061496329967,
    "sentKBytesPerSec" : 0.0
  }
}