{
  "Petición HTTP" : {
    "transaction" : "Petición HTTP",
    "sampleCount" : 100,
    "errorCount" : 100,
    "errorPct" : 100.0,
    "meanResTime" : 134359.91,
    "medianResTime" : 134376.0,
    "minResTime" : 133878.0,
    "maxResTime" : 134757.0,
    "pct1ResTime" : 134743.0,
    "pct2ResTime" : 134748.8,
    "pct3ResTime" : 134756.99,
    "throughput" : 0.7419223207330192,
    "receivedKBytesPerSec" : 2.0468071836628705,
    "sentKBytesPerSec" : 0.0
  },
  "Total" : {
    "transaction" : "Total",
    "sampleCount" : 100,
    "errorCount" : 100,
    "errorPct" : 100.0,
    "meanResTime" : 134359.91,
    "medianResTime" : 134376.0,
    "minResTime" : 133878.0,
    "maxResTime" : 134757.0,
    "pct1ResTime" : 134743.0,
    "pct2ResTime" : 134748.8,
    "pct3ResTime" : 134756.99,
    "throughput" : 0.7419223207330192,
    "receivedKBytesPerSec" : 2.0468071836628705,
    "sentKBytesPerSec" : 0.0
  }
}