{
  "Petición HTTP" : {
    "transaction" : "Petición HTTP",
    "sampleCount" : 100,
    "errorCount" : 100,
    "errorPct" : 100.0,
    "meanResTime" : 135815.99000000002,
    "medianResTime" : 135824.5,
    "minResTime" : 135328.0,
    "maxResTime" : 136204.0,
    "pct1ResTime" : 136199.0,
    "pct2ResTime" : 136200.0,
    "pct3ResTime" : 136203.98,
    "throughput" : 0.7341227600079284,
    "receivedKBytesPerSec" : 2.0252898408421856,
    "sentKBytesPerSec" : 0.0
  },
  "Total" : {
    "transaction" : "Total",
    "sampleCount" : 100,
    "errorCount" : 100,
    "errorPct" : 100.0,
    "meanResTime" : 135815.99000000002,
    "medianResTime" : 135824.5,
    "minResTime" : 135328.0,
    "maxResTime" : 136204.0,
    "pct1ResTime" : 136199.0,
    "pct2ResTime" : 136200.0,
    "pct3ResTime" : 136203.98,
    "throughput" : 0.7341227600079284,
    "receivedKBytesPerSec" : 2.0252898408421856,
    "sentKBytesPerSec" : 0.0
  }
}