{
  "Petición HTTP" : {
    "transaction" : "Petición HTTP",
    "sampleCount" : 100,
    "errorCount" : 100,
    "errorPct" : 100.0,
    "meanResTime" : 132975.31999999998,
    "medianResTime" : 132983.5,
    "minResTime" : 132485.0,
    "maxResTime" : 133365.0,
    "pct1ResTime" : 133362.0,
    "pct2ResTime" : 133363.0,
    "pct3ResTime" : 133364.99,
    "throughput" : 0.7496420459230718,
    "receivedKBytesPerSec" : 2.068104277082693,
    "sentKBytesPerSec" : 0.0
  },
  "Total" : {
    "transaction" : "Total",
    "sampleCount" : 100,
    "errorCount" : 100,
    "errorPct" : 100.0,
    "meanResTime" : 132975.31999999998,
    "medianResTime" : 132983.5,
    "minResTime" : 132485.0,
    "maxResTime" : 133365.0,
    "pct1ResTime" : 133362.0,
    "pct2ResTime" : 133363.0,
    "pct3ResTime" : 133364.99,
    "throughput" : 0.7496420459230718,
    "receivedKBytesPerSec" : 2.068104277082693,
    "sentKBytesPerSec" : 0.0
  }
}