{
  "Petición HTTP" : {
    "transaction" : "Petición HTTP",
    "sampleCount" : 100,
    "errorCount" : 0,
    "errorPct" : 0.0,
    "meanResTime" : 4060.119999999999,
    "medianResTime" : 4087.0,
    "minResTime" : 2224.0,
    "maxResTime" : 5728.0,
    "pct1ResTime" : 5145.9,
    "pct2ResTime" : 5416.549999999999,
    "pct3ResTime" : 5727.2,
    "throughput" : 17.12622024319233,
    "receivedKBytesPerSec" : 15.102516483986983,
    "sentKBytesPerSec" : 2.4919988439801335
  },
  "Total" : {
    "transaction" : "Total",
    "sampleCount" : 100,
    "errorCount" : 0,
    "errorPct" : 0.0,
    "meanResTime" : 4060.119999999999,
    "medianResTime" : 4087.0,
    "minResTime" : 2224.0,
    "maxResTime" : 5728.0,
    "pct1ResTime" : 5145.9,
    "pct2ResTime" : 5416.549999999999,
    "pct3ResTime" : 5727.2,
    "throughput" : 17.12622024319233,
    "receivedKBytesPerSec" : 15.102516483986983,
    "sentKBytesPerSec" : 2.4919988439801335
  }
}