{
  "Petición HTTP" : {
    "transaction" : "Petición HTTP",
    "sampleCount" : 100,
    "errorCount" : 100,
    "errorPct" : 100.0,
    "meanResTime" : 136036.12999999995,
    "medianResTime" : 136049.0,
    "minResTime" : 135549.0,
    "maxResTime" : 136420.0,
    "pct1ResTime" : 136409.0,
    "pct2ResTime" : 136410.95,
    "pct3ResTime" : 136419.91,
    "throughput" : 0.7330196009441292,
    "receivedKBytesPerSec" : 2.0222464576827783,
    "sentKBytesPerSec" : 0.0
  },
  "Total" : {
    "transaction" : "Total",
    "sampleCount" : 100,
    "errorCount" : 100,
    "errorPct" : 100.0,
    "meanResTime" : 136036.12999999995,
    "medianResTime" : 136049.0,
    "minResTime" : 135549.0,
    "maxResTime" : 136420.0,
    "pct1ResTime" : 136409.0,
    "pct2ResTime" : 136410.95,
    "pct3ResTime" : 136419.91,
    "throughput" : 0.7330196009441292,
    "receivedKBytesPerSec" : 2.0222464576827783,
    "sentKBytesPerSec" : 0.0
  }
}