{
  "Petición HTTP" : {
    "transaction" : "Petición HTTP",
    "sampleCount" : 100,
    "errorCount" : 100,
    "errorPct" : 100.0,
    "meanResTime" : 133878.97000000003,
    "medianResTime" : 132893.5,
    "minResTime" : 132403.0,
    "maxResTime" : 136488.0,
    "pct1ResTime" : 136393.0,
    "pct2ResTime" : 136443.6,
    "pct3ResTime" : 136487.89,
    "throughput" : 0.729655383762249,
    "receivedKBytesPerSec" : 2.012965292117533,
    "sentKBytesPerSec" : 0.0
  },
  "Total" : {
    "transaction" : "Total",
    "sampleCount" : 100,
    "errorCount" : 100,
    "errorPct" : 100.0,
    "meanResTime" : 133878.97000000003,
    "medianResTime" : 132893.5,
    "minResTime" : 132403.0,
    "maxResTime" : 136488.0,
    "pct1ResTime" : 136393.0,
    "pct2ResTime" : 136443.6,
    "pct3ResTime" : 136487.89,
    "throughput" : 0.729655383762249,
    "receivedKBytesPerSec" : 2.012965292117533,
    "sentKBytesPerSec" : 0.0
  }
}