{
  "Petición HTTP" : {
    "transaction" : "Petición HTTP",
    "sampleCount" : 100,
    "errorCount" : 100,
    "errorPct" : 100.0,
    "meanResTime" : 136490.13,
    "medianResTime" : 136497.5,
    "minResTime" : 136001.0,
    "maxResTime" : 136880.0,
    "pct1ResTime" : 136876.0,
    "pct2ResTime" : 136878.0,
    "pct3ResTime" : 136879.99,
    "throughput" : 0.7305669199298656,
    "receivedKBytesPerSec" : 2.0154800281268264,
    "sentKBytesPerSec" : 0.0
  },
  "Total" : {
    "transaction" : "Total",
    "sampleCount" : 100,
    "errorCount" : 100,
    "errorPct" : 100.0,
    "meanResTime" : 136490.13,
    "medianResTime" : 136497.5,
    "minResTime" : 136001.0,
    "maxResTime" : 136880.0,
    "pct1ResTime" : 136876.0,
    "pct2ResTime" : 136878.0,
    "pct3ResTime" : 136879.99,
    "throughput" : 0.7305669199298656,
    "receivedKBytesPerSec" : 2.0154800281268264,
    "sentKBytesPerSec" : 0.0
  }
}