{
  "Petición HTTP" : {
    "transaction" : "Petición HTTP",
    "sampleCount" : 100,
    "errorCount" : 100,
    "errorPct" : 100.0,
    "meanResTime" : 134786.66999999998,
    "medianResTime" : 134792.0,
    "minResTime" : 134296.0,
    "maxResTime" : 135183.0,
    "pct1ResTime" : 135174.0,
    "pct2ResTime" : 135175.0,
    "pct3ResTime" : 135182.96,
    "throughput" : 0.7397270407219736,
    "receivedKBytesPerSec" : 2.0407508691792726,
    "sentKBytesPerSec" : 0.0
  },
  "Total" : {
    "transaction" : "Total",
    "sampleCount" : 100,
    "errorCount" : 100,
    "errorPct" : 100.0,
    "meanResTime" : 134786.66999999998,
    "medianResTime" : 134792.0,
    "minResTime" : 134296.0,
    "maxResTime" : 135183.0,
    "pct1ResTime" : 135174.0,
    "pct2ResTime" : 135175.0,
    "pct3ResTime" : 135182.96,
    "throughput" : 0.7397270407219736,
    "receivedKBytesPerSec" : 2.0407508691792726,
    "sentKBytesPerSec" : 0.0
  }
}