{
  "Petición HTTP" : {
    "transaction" : "Petición HTTP",
    "sampleCount" : 100,
    "errorCount" : 100,
    "errorPct" : 100.0,
    "meanResTime" : 135796.65000000005,
    "medianResTime" : 135802.5,
    "minResTime" : 135307.0,
    "maxResTime" : 136194.0,
    "pct1ResTime" : 136184.8,
    "pct2ResTime" : 136187.0,
    "pct3ResTime" : 136193.99,
    "throughput" : 0.7342143906020557,
    "receivedKBytesPerSec" : 2.0255426303230544,
    "sentKBytesPerSec" : 0.0
  },
  "Total" : {
    "transaction" : "Total",
    "sampleCount" : 100,
    "errorCount" : 100,
    "errorPct" : 100.0,
    "meanResTime" : 135796.65000000005,
    "medianResTime" : 135802.5,
    "minResTime" : 135307.0,
    "maxResTime" : 136194.0,
    "pct1ResTime" : 136184.8,
    "pct2ResTime" : 136187.0,
    "pct3ResTime" : 136193.99,
    "throughput" : 0.7342143906020557,
    "receivedKBytesPerSec" : 2.0255426303230544,
    "sentKBytesPerSec" : 0.0
  }
}