{
  "Petición HTTP" : {
    "transaction" : "Petición HTTP",
    "sampleCount" : 100,
    "errorCount" : 100,
    "errorPct" : 100.0,
    "meanResTime" : 133933.09000000005,
    "medianResTime" : 133944.5,
    "minResTime" : 133453.0,
    "maxResTime" : 134338.0,
    "pct1ResTime" : 134313.9,
    "pct2ResTime" : 134322.0,
    "pct3ResTime" : 134337.88,
    "throughput" : 0.7443577681176681,
    "receivedKBytesPerSec" : 2.053526069269934,
    "sentKBytesPerSec" : 0.0
  },
  "Total" : {
    "transaction" : "Total",
    "sampleCount" : 100,
    "errorCount" : 100,
    "errorPct" : 100.0,
    "meanResTime" : 133933.09000000005,
    "medianResTime" : 133944.5,
    "minResTime" : 133453.0,
    "maxResTime" : 134338.0,
    "pct1ResTime" : 134313.9,
    "pct2ResTime" : 134322.0,
    "pct3ResTime" : 134337.88,
    "throughput" : 0.7443577681176681,
    "receivedKBytesPerSec" : 2.053526069269934,
    "sentKBytesPerSec" : 0.0
  }
}