{
  "Petición HTTP" : {
    "transaction" : "Petición HTTP",
    "sampleCount" : 100,
    "errorCount" : 100,
    "errorPct" : 100.0,
    "meanResTime" : 134987.48,
    "medianResTime" : 134991.0,
    "minResTime" : 134490.0,
    "maxResTime" : 135393.0,
    "pct1ResTime" : 135369.9,
    "pct2ResTime" : 135382.85,
    "pct3ResTime" : 135392.97,
    "throughput" : 0.7385415281901301,
    "receivedKBytesPerSec" : 2.0374802901729665,
    "sentKBytesPerSec" : 0.0
  },
  "Total" : {
    "transaction" : "Total",
    "sampleCount" : 100,
    "errorCount" : 100,
    "errorPct" : 100.0,
    "meanResTime" : 134987.48,
    "medianResTime" : 134991.0,
    "minResTime" : 134490.0,
    "maxResTime" : 135393.0,
    "pct1ResTime" : 135369.9,
    "pct2ResTime" : 135382.85,
    "pct3ResTime" : 135392.97,
    "throughput" : 0.7385415281901301,
    "receivedKBytesPerSec" : 2.0374802901729665,
    "sentKBytesPerSec" : 0.0
  }
}