{
  "Petición HTTP" : {
    "transaction" : "Petición HTTP",
    "sampleCount" : 100,
    "errorCount" : 100,
    "errorPct" : 100.0,
    "meanResTime" : 133828.64999999994,
    "medianResTime" : 133836.0,
    "minResTime" : 133341.0,
    "maxResTime" : 134210.0,
    "pct1ResTime" : 134202.0,
    "pct2ResTime" : 134203.0,
    "pct3ResTime" : 134209.99,
    "throughput" : 0.7450898578368551,
    "receivedKBytesPerSec" : 2.055545750379996,
    "sentKBytesPerSec" : 0.0
  },
  "Total" : {
    "transaction" : "Total",
    "sampleCount" : 100,
    "errorCount" : 100,
    "errorPct" : 100.0,
    "meanResTime" : 133828.64999999994,
    "medianResTime" : 133836.0,
    "minResTime" : 133341.0,
    "maxResTime" : 134210.0,
    "pct1ResTime" : 134202.0,
    "pct2ResTime" : 134203.0,
    "pct3ResTime" : 134209.99,
    "throughput" : 0.7450898578368551,
    "receivedKBytesPerSec" : 2.055545750379996,
    "sentKBytesPerSec" : 0.0
  }
}