{
  "Petición HTTP" : {
    "transaction" : "Petición HTTP",
    "sampleCount" : 100,
    "errorCount" : 100,
    "errorPct" : 100.0,
    "meanResTime" : 134259.96,
    "medianResTime" : 134273.5,
    "minResTime" : 133770.0,
    "maxResTime" : 134647.0,
    "pct1ResTime" : 134640.9,
    "pct2ResTime" : 134643.0,
    "pct3ResTime" : 134646.98,
    "throughput" : 0.7426220499339066,
    "receivedKBytesPerSec" : 2.0487375889289905,
    "sentKBytesPerSec" : 0.0
  },
  "Total" : {
    "transaction" : "Total",
    "sampleCount" : 100,
    "errorCount" : 100,
    "errorPct" : 100.0,
    "meanResTime" : 134259.96,
    "medianResTime" : 134273.5,
    "minResTime" : 133770.0,
    "maxResTime" : 134647.0,
    "pct1ResTime" : 134640.9,
    "pct2ResTime" : 134643.0,
    "pct3ResTime" : 134646.98,
    "throughput" : 0.7426220499339066,
    "receivedKBytesPerSec" : 2.0487375889289905,
    "sentKBytesPerSec" : 0.0
  }
}