{
  "Petición HTTP" : {
    "transaction" : "Petición HTTP",
    "sampleCount" : 100,
    "errorCount" : 100,
    "errorPct" : 100.0,
    "meanResTime" : 134655.80000000002,
    "medianResTime" : 136000.5,
    "minResTime" : 132399.0,
    "maxResTime" : 136485.0,
    "pct1ResTime" : 136398.0,
    "pct2ResTime" : 136449.4,
    "pct3ResTime" : 136484.89,
    "throughput" : 0.7309300353770137,
    "receivedKBytesPerSec" : 2.0164817870508434,
    "sentKBytesPerSec" : 0.0
  },
  "Total" : {
    "transaction" : "Total",
    "sampleCount" : 100,
    "errorCount" : 100,
    "errorPct" : 100.0,
    "meanResTime" : 134655.80000000002,
    "medianResTime" : 136000.5,
    "minResTime" : 132399.0,
    "maxResTime" : 136485.0,
    "pct1ResTime" : 136398.0,
    "pct2ResTime" : 136449.4,
    "pct3ResTime" : 136484.89,
    "throughput" : 0.7309300353770137,
    "receivedKBytesPerSec" : 2.0164817870508434,
    "sentKBytesPerSec" : 0.0
  }
}