{
  "Petición HTTP" : {
    "transaction" : "Petición HTTP",
    "sampleCount" : 100,
    "errorCount" : 100,
    "errorPct" : 100.0,
    "meanResTime" : 133969.06,
    "medianResTime" : 133974.0,
    "minResTime" : 133483.0,
    "maxResTime" : 134367.0,
    "pct1ResTime" : 134344.9,
    "pct2ResTime" : 134355.75,
    "pct3ResTime" : 134366.92,
    "throughput" : 0.7441860465116279,
    "receivedKBytesPerSec" : 2.0530523255813953,
    "sentKBytesPerSec" : 0.0
  },
  "Total" : {
    "transaction" : "Total",
    "sampleCount" : 100,
    "errorCount" : 100,
    "errorPct" : 100.0,
    "meanResTime" : 133969.06,
    "medianResTime" : 133974.0,
    "minResTime" : 133483.0,
    "maxResTime" : 134367.0,
    "pct1ResTime" : 134344.9,
    "pct2ResTime" : 134355.75,
    "pct3ResTime" : 134366.92,
    "throughput" : 0.7441860465116279,
    "receivedKBytesPerSec" : 2.0530523255813953,
    "sentKBytesPerSec" : 0.0
  }
}