{
  "Petición HTTP" : {
    "transaction" : "Petición HTTP",
    "sampleCount" : 100,
    "errorCount" : 100,
    "errorPct" : 100.0,
    "meanResTime" : 133962.83,
    "medianResTime" : 133971.0,
    "minResTime" : 133468.0,
    "maxResTime" : 134378.0,
    "pct1ResTime" : 134346.9,
    "pct2ResTime" : 134348.95,
    "pct3ResTime" : 134377.85,
    "throughput" : 0.744158356898348,
    "receivedKBytesPerSec" : 2.0529759357791337,
    "sentKBytesPerSec" : 0.0
  },
  "Total" : {
    "transaction" : "Total",
    "sampleCount" : 100,
    "errorCount" : 100,
    "errorPct" : 100.0,
    "meanResTime" : 133962.83,
    "medianResTime" : 133971.0,
    "minResTime" : 133468.0,
    "maxResTime" : 134378.0,
    "pct1ResTime" : 134346.9,
    "pct2ResTime" : 134348.95,
    "pct3ResTime" : 134377.85,
    "throughput" : 0.744158356898348,
    "receivedKBytesPerSec" : 2.0529759357791337,
    "sentKBytesPerSec" : 0.0
  }
}