{
  "Petición HTTP" : {
    "transaction" : "Petición HTTP",
    "sampleCount" : 100,
    "errorCount" : 0,
    "errorPct" : 0.0,
    "meanResTime" : 12195.660000000005,
    "medianResTime" : 12170.0,
    "minResTime" : 10913.0,
    "maxResTime" : 13353.0,
    "pct1ResTime" : 12991.300000000001,
    "pct2ResTime" : 13106.8,
    "pct3ResTime" : 13352.86,
    "throughput" : 7.488392990864161,
    "receivedKBytesPerSec" : 6.6035340534671265,
    "sentKBytesPerSec" : 1.0896196832409766
  },
  "Total" : {
    "transaction" : "Total",
    "sampleCount" : 100,
    "errorCount" : 0,
    "errorPct" : 0.0,
    "meanResTime" : 12195.660000000005,
    "medianResTime" : 12170.0,
    "minResTime" : 10913.0,
    "maxResTime" : 13353.0,
    "pct1ResTime" : 12991.300000000001,
    "pct2ResTime" : 13106.8,
    "pct3ResTime" : 13352.86,
    "throughput" : 7.488392990864161,
    "receivedKBytesPerSec" : 6.6035340534671265,
    "sentKBytesPerSec" : 1.0896196832409766
  }
}