{
  "Petición HTTP" : {
    "transaction" : "Petición HTTP",
    "sampleCount" : 100,
    "errorCount" : 100,
    "errorPct" : 100.0,
    "meanResTime" : 136193.62999999998,
    "medianResTime" : 136201.5,
    "minResTime" : 135706.0,
    "maxResTime" : 136581.0,
    "pct1ResTime" : 136577.0,
    "pct2ResTime" : 136578.0,
    "pct3ResTime" : 136580.99,
    "throughput" : 0.7321555391227312,
    "receivedKBytesPerSec" : 2.0198626933805817,
    "sentKBytesPerSec" : 0.0
  },
  "Total" : {
    "transaction" : "Total",
    "sampleCount" : 100,
    "errorCount" : 100,
    "errorPct" : 100.0,
    "meanResTime" : 136193.62999999998,
    "medianResTime" : 136201.5,
    "minResTime" : 135706.0,
    "maxResTime" : 136581.0,
    "pct1ResTime" : 136577.0,
    "pct2ResTime" : 136578.0,
    "pct3ResTime" : 136580.99,
    "throughput" : 0.7321555391227312,
    "receivedKBytesPerSec" : 2.0198626933805817,
    "sentKBytesPerSec" : 0.0
  }
}