{
  "Petición HTTP" : {
    "transaction" : "Petición HTTP",
    "sampleCount" : 100,
    "errorCount" : 100,
    "errorPct" : 100.0,
    "meanResTime" : 135345.78999999992,
    "medianResTime" : 135357.0,
    "minResTime" : 134848.0,
    "maxResTime" : 135743.0,
    "pct1ResTime" : 135724.9,
    "pct2ResTime" : 135728.95,
    "pct3ResTime" : 135742.99,
    "throughput" : 0.7366482504604052,
    "receivedKBytesPerSec" : 2.0322571362799264,
    "sentKBytesPerSec" : 0.0
  },
  "Total" : {
    "transaction" : "Total",
    "sampleCount" : 100,
    "errorCount" : 100,
    "errorPct" : 100.0,
    "meanResTime" : 135345.78999999992,
    "medianResTime" : 135357.0,
    "minResTime" : 134848.0,
    "maxResTime" : 135743.0,
    "pct1ResTime" : 135724.9,
    "pct2ResTime" : 135728.95,
    "pct3ResTime" : 135742.99,
    "throughput" : 0.7366482504604052,
    "receivedKBytesPerSec" : 2.0322571362799264,
    "sentKBytesPerSec" : 0.0
  }
}