{
  "Petición HTTP" : {
    "transaction" : "Petición HTTP",
    "sampleCount" : 100,
    "errorCount" : 100,
    "errorPct" : 100.0,
    "meanResTime" : 133685.65999999997,
    "medianResTime" : 133690.0,
    "minResTime" : 133211.0,
    "maxResTime" : 134060.0,
    "pct1ResTime" : 134051.0,
    "pct2ResTime" : 134052.0,
    "pct3ResTime" : 134060.0,
    "throughput" : 0.7458122641368714,
    "receivedKBytesPerSec" : 2.057538716979162,
    "sentKBytesPerSec" : 0.0
  },
  "Total" : {
    "transaction" : "Total",
    "sampleCount" : 100,
    "errorCount" : 100,
    "errorPct" : 100.0,
    "meanResTime" : 133685.65999999997,
    "medianResTime" : 133690.0,
    "minResTime" : 133211.0,
    "maxResTime" : 134060.0,
    "pct1ResTime" : 134051.0,
    "pct2ResTime" : 134052.0,
    "pct3ResTime" : 134060.0,
    "throughput" : 0.7458122641368714,
    "receivedKBytesPerSec" : 2.057538716979162,
    "sentKBytesPerSec" : 0.0
  }
}