{
  "Petición HTTP" : {
    "transaction" : "Petición HTTP",
    "sampleCount" : 100,
    "errorCount" : 100,
    "errorPct" : 100.0,
    "meanResTime" : 134388.25999999995,
    "medianResTime" : 134399.5,
    "minResTime" : 133903.0,
    "maxResTime" : 134787.0,
    "pct1ResTime" : 134762.9,
    "pct2ResTime" : 134773.95,
    "pct3ResTime" : 134786.93,
    "throughput" : 0.7418892952793584,
    "receivedKBytesPerSec" : 2.0467160734025267,
    "sentKBytesPerSec" : 0.0
  },
  "Total" : {
    "transaction" : "Total",
    "sampleCount" : 100,
    "errorCount" : 100,
    "errorPct" : 100.0,
    "meanResTime" : 134388.25999999995,
    "medianResTime" : 134399.5,
    "minResTime" : 133903.0,
    "maxResTime" : 134787.0,
    "pct1ResTime" : 134762.9,
    "pct2ResTime" : 134773.95,
    "pct3ResTime" : 134786.93,
    "throughput" : 0.7418892952793584,
    "receivedKBytesPerSec" : 2.0467160734025267,
    "sentKBytesPerSec" : 0.0
  }
}