{
  "Petición HTTP" : {
    "transaction" : "Petición HTTP",
    "sampleCount" : 100,
    "errorCount" : 100,
    "errorPct" : 100.0,
    "meanResTime" : 133999.53999999995,
    "medianResTime" : 132894.5,
    "minResTime" : 132395.0,
    "maxResTime" : 136481.0,
    "pct1ResTime" : 136390.0,
    "pct2ResTime" : 136439.75,
    "pct3ResTime" : 136480.89,
    "throughput" : 0.7298950410930908,
    "receivedKBytesPerSec" : 2.013626456140607,
    "sentKBytesPerSec" : 0.0
  },
  "Total" : {
    "transaction" : "Total",
    "sampleCount" : 100,
    "errorCount" : 100,
    "errorPct" : 100.0,
    "meanResTime" : 133999.53999999995,
    "medianResTime" : 132894.5,
    "minResTime" : 132395.0,
    "maxResTime" : 136481.0,
    "pct1ResTime" : 136390.0,
    "pct2ResTime" : 136439.75,
    "pct3ResTime" : 136480.89,
    "throughput" : 0.7298950410930908,
    "receivedKBytesPerSec" : 2.013626456140607,
    "sentKBytesPerSec" : 0.0
  }
}