{
  "Petición HTTP" : {
    "transaction" : "Petición HTTP",
    "sampleCount" : 100,
    "errorCount" : 100,
    "errorPct" : 100.0,
    "meanResTime" : 133652.30000000002,
    "medianResTime" : 133651.0,
    "minResTime" : 133171.0,
    "maxResTime" : 134057.0,
    "pct1ResTime" : 134038.0,
    "pct2ResTime" : 134044.95,
    "pct3ResTime" : 134056.97,
    "throughput" : 0.7458957088619869,
    "receivedKBytesPerSec" : 2.057768923374134,
    "sentKBytesPerSec" : 0.0
  },
  "Total" : {
    "transaction" : "Total",
    "sampleCount" : 100,
    "errorCount" : 100,
    "errorPct" : 100.0,
    "meanResTime" : 133652.30000000002,
    "medianResTime" : 133651.0,
    "minResTime" : 133171.0,
    "maxResTime" : 134057.0,
    "pct1ResTime" : 134038.0,
    "pct2ResTime" : 134044.95,
    "pct3ResTime" : 134056.97,
    "throughput" : 0.7458957088619869,
    "receivedKBytesPerSec" : 2.057768923374134,
    "sentKBytesPerSec" : 0.0
  }
}