{
  "Petición HTTP" : {
    "transaction" : "Petición HTTP",
    "sampleCount" : 100,
    "errorCount" : 100,
    "errorPct" : 100.0,
    "meanResTime" : 133627.86,
    "medianResTime" : 133635.0,
    "minResTime" : 133142.0,
    "maxResTime" : 134015.0,
    "pct1ResTime" : 134012.0,
    "pct2ResTime" : 134013.0,
    "pct3ResTime" : 134014.99,
    "throughput" : 0.7459958671828959,
    "receivedKBytesPerSec" : 2.0580452390543758,
    "sentKBytesPerSec" : 0.0
  },
  "Total" : {
    "transaction" : "Total",
    "sampleCount" : 100,
    "errorCount" : 100,
    "errorPct" : 100.0,
    "meanResTime" : 133627.86,
    "medianResTime" : 133635.0,
    "minResTime" : 133142.0,
    "maxResTime" : 134015.0,
    "pct1ResTime" : 134012.0,
    "pct2ResTime" : 134013.0,
    "pct3ResTime" : 134014.99,
    "throughput" : 0.7459958671828959,
    "receivedKBytesPerSec" : 2.0580452390543758,
    "sentKBytesPerSec" : 0.0
  }
}