{
  "Petición HTTP" : {
    "transaction" : "Petición HTTP",
    "sampleCount" : 100,
    "errorCount" : 100,
    "errorPct" : 100.0,
    "meanResTime" : 135022.86000000004,
    "medianResTime" : 135026.0,
    "minResTime" : 134530.0,
    "maxResTime" : 135426.0,
    "pct1ResTime" : 135415.5,
    "pct2ResTime" : 135421.95,
    "pct3ResTime" : 135425.99,
    "throughput" : 0.7383288664436913,
    "receivedKBytesPerSec" : 2.036893601272879,
    "sentKBytesPerSec" : 0.0
  },
  "Total" : {
    "transaction" : "Total",
    "sampleCount" : 100,
    "errorCount" : 100,
    "errorPct" : 100.0,
    "meanResTime" : 135022.86000000004,
    "medianResTime" : 135026.0,
    "minResTime" : 134530.0,
    "maxResTime" : 135426.0,
    "pct1ResTime" : 135415.5,
    "pct2ResTime" : 135421.95,
    "pct3ResTime" : 135425.99,
    "throughput" : 0.7383288664436913,
    "receivedKBytesPerSec" : 2.036893601272879,
    "sentKBytesPerSec" : 0.0
  }
}