{
  "Petición HTTP" : {
    "transaction" : "Petición HTTP",
    "sampleCount" : 100,
    "errorCount" : 0,
    "errorPct" : 0.0,
    "meanResTime" : 3081.4399999999996,
    "medianResTime" : 3041.5,
    "minResTime" : 1713.0,
    "maxResTime" : 4619.0,
    "pct1ResTime" : 4210.8,
    "pct2ResTime" : 4283.4,
    "pct3ResTime" : 4616.839999999999,
    "throughput" : 21.15506663845991,
    "receivedKBytesPerSec" : 18.65529802200127,
    "sentKBytesPerSec" : 3.07822746985403
  },
  "Total" : {
    "transaction" : "Total",
    "sampleCount" : 100,
    "errorCount" : 0,
    "errorPct" : 0.0,
    "meanResTime" : 3081.4399999999996,
    "medianResTime" : 3041.5,
    "minResTime" : 1713.0,
    "maxResTime" : 4619.0,
    "pct1ResTime" : 4210.8,
    "pct2ResTime" : 4283.4,
    "pct3ResTime" : 4616.839999999999,
    "throughput" : 21.15506663845991,
    "receivedKBytesPerSec" : 18.65529802200127,
    "sentKBytesPerSec" : 3.07822746985403
  }
}