{
  "Petición HTTP" : {
    "transaction" : "Petición HTTP",
    "sampleCount" : 100,
    "errorCount" : 100,
    "errorPct" : 100.0,
    "meanResTime" : 133842.44999999992,
    "medianResTime" : 133839.5,
    "minResTime" : 133356.0,
    "maxResTime" : 134245.0,
    "pct1ResTime" : 134212.0,
    "pct2ResTime" : 134213.0,
    "pct3ResTime" : 134244.8,
    "throughput" : 0.7448900542279959,
    "receivedKBytesPerSec" : 2.0549945343692273,
    "sentKBytesPerSec" : 0.0
  },
  "Total" : {
    "transaction" : "Total",
    "sampleCount" : 100,
    "errorCount" : 100,
    "errorPct" : 100.0,
    "meanResTime" : 133842.44999999992,
    "medianResTime" : 133839.5,
    "minResTime" : 133356.0,
    "maxResTime" : 134245.0,
    "pct1ResTime" : 134212.0,
    "pct2ResTime" : 134213.0,
    "pct3ResTime" : 134244.8,
    "throughput" : 0.7448900542279959,
    "receivedKBytesPerSec" : 2.0549945343692273,
    "sentKBytesPerSec" : 0.0
  }
}