{
  "Petición HTTP" : {
    "transaction" : "Petición HTTP",
    "sampleCount" : 100,
    "errorCount" : 100,
    "errorPct" : 100.0,
    "meanResTime" : 133820.82,
    "medianResTime" : 133828.5,
    "minResTime" : 133325.0,
    "maxResTime" : 134227.0,
    "pct1ResTime" : 134210.9,
    "pct2ResTime" : 134217.0,
    "pct3ResTime" : 134226.94,
    "throughput" : 0.7449510939606815,
    "receivedKBytesPerSec" : 2.055162930116138,
    "sentKBytesPerSec" : 0.0
  },
  "Total" : {
    "transaction" : "Total",
    "sampleCount" : 100,
    "errorCount" : 100,
    "errorPct" : 100.0,
    "meanResTime" : 133820.82,
    "medianResTime" : 133828.5,
    "minResTime" : 133325.0,
    "maxResTime" : 134227.0,
    "pct1ResTime" : 134210.9,
    "pct2ResTime" : 134217.0,
    "pct3ResTime" : 134226.94,
    "throughput" : 0.7449510939606815,
    "receivedKBytesPerSec" : 2.055162930116138,
    "sentKBytesPerSec" : 0.0
  }
}