{
  "Petición HTTP" : {
    "transaction" : "Petición HTTP",
    "sampleCount" : 100,
    "errorCount" : 100,
    "errorPct" : 100.0,
    "meanResTime" : 133607.64000000004,
    "medianResTime" : 133614.5,
    "minResTime" : 133121.0,
    "maxResTime" : 133996.0,
    "pct1ResTime" : 133994.0,
    "pct2ResTime" : 133995.0,
    "pct3ResTime" : 133996.0,
    "throughput" : 0.7462296745692389,
    "receivedKBytesPerSec" : 2.0586902643145506,
    "sentKBytesPerSec" : 0.0
  },
  "Total" : {
    "transaction" : "Total",
    "sampleCount" : 100,
    "errorCount" : 100,
    "errorPct" : 100.0,
    "meanResTime" : 133607.64000000004,
    "medianResTime" : 133614.5,
    "minResTime" : 133121.0,
    "maxResTime" : 133996.0,
    "pct1ResTime" : 133994.0,
    "pct2ResTime" : 133995.0,
    "pct3ResTime" : 133996.0,
    "throughput" : 0.7462296745692389,
    "receivedKBytesPerSec" : 2.0586902643145506,
    "sentKBytesPerSec" : 0.0
  }
}