{
  "Petición HTTP" : {
    "transaction" : "Petición HTTP",
    "sampleCount" : 100,
    "errorCount" : 100,
    "errorPct" : 100.0,
    "meanResTime" : 134323.78999999998,
    "medianResTime" : 134328.5,
    "minResTime" : 133835.0,
    "maxResTime" : 134724.0,
    "pct1ResTime" : 134714.9,
    "pct2ResTime" : 134721.95,
    "pct3ResTime" : 134723.98,
    "throughput" : 0.7422362092512321,
    "receivedKBytesPerSec" : 2.0476731358737603,
    "sentKBytesPerSec" : 0.0
  },
  "Total" : {
    "transaction" : "Total",
    "sampleCount" : 100,
    "errorCount" : 100,
    "errorPct" : 100.0,
    "meanResTime" : 134323.78999999998,
    "medianResTime" : 134328.5,
    "minResTime" : 133835.0,
    "maxResTime" : 134724.0,
    "pct1ResTime" : 134714.9,
    "pct2ResTime" : 134721.95,
    "pct3ResTime" : 134723.98,
    "throughput" : 0.7422362092512321,
    "receivedKBytesPerSec" : 2.0476731358737603,
    "sentKBytesPerSec" : 0.0
  }
}