{
  "Petición HTTP" : {
    "transaction" : "Petición HTTP",
    "sampleCount" : 100,
    "errorCount" : 100,
    "errorPct" : 100.0,
    "meanResTime" : 133964.33000000002,
    "medianResTime" : 133976.0,
    "minResTime" : 133474.0,
    "maxResTime" : 134351.0,
    "pct1ResTime" : 134343.0,
    "pct2ResTime" : 134347.85,
    "pct3ResTime" : 134350.98,
    "throughput" : 0.7442912858376254,
    "receivedKBytesPerSec" : 2.053342658682902,
    "sentKBytesPerSec" : 0.0
  },
  "Total" : {
    "transaction" : "Total",
    "sampleCount" : 100,
    "errorCount" : 100,
    "errorPct" : 100.0,
    "meanResTime" : 133964.33000000002,
    "medianResTime" : 133976.0,
    "minResTime" : 133474.0,
    "maxResTime" : 134351.0,
    "pct1ResTime" : 134343.0,
    "pct2ResTime" : 134347.85,
    "pct3ResTime" : 134350.98,
    "throughput" : 0.7442912858376254,
    "receivedKBytesPerSec" : 2.053342658682902,
    "sentKBytesPerSec" : 0.0
  }
}