{
  "Petición HTTP" : {
    "transaction" : "Petición HTTP",
    "sampleCount" : 100,
    "errorCount" : 100,
    "errorPct" : 100.0,
    "meanResTime" : 136059.22999999992,
    "medianResTime" : 136074.5,
    "minResTime" : 135568.0,
    "maxResTime" : 136445.0,
    "pct1ResTime" : 136429.9,
    "pct2ResTime" : 136440.9,
    "pct3ResTime" : 136444.98,
    "throughput" : 0.732853070287938,
    "receivedKBytesPerSec" : 2.021787034729907,
    "sentKBytesPerSec" : 0.0
  },
  "Total" : {
    "transaction" : "Total",
    "sampleCount" : 100,
    "errorCount" : 100,
    "errorPct" : 100.0,
    "meanResTime" : 136059.22999999992,
    "medianResTime" : 136074.5,
    "minResTime" : 135568.0,
    "maxResTime" : 136445.0,
    "pct1ResTime" : 136429.9,
    "pct2ResTime" : 136440.9,
    "pct3ResTime" : 136444.98,
    "throughput" : 0.732853070287938,
    "receivedKBytesPerSec" : 2.021787034729907,
    "sentKBytesPerSec" : 0.0
  }
}