{
  "Petición HTTP" : {
    "transaction" : "Petición HTTP",
    "sampleCount" : 100,
    "errorCount" : 100,
    "errorPct" : 100.0,
    "meanResTime" : 136140.77,
    "medianResTime" : 136146.5,
    "minResTime" : 135665.0,
    "maxResTime" : 136544.0,
    "pct1ResTime" : 136510.0,
    "pct2ResTime" : 136535.9,
    "pct3ResTime" : 136543.99,
    "throughput" : 0.7323324789454412,
    "receivedKBytesPerSec" : 2.0203508330281945,
    "sentKBytesPerSec" : 0.0
  },
  "Total" : {
    "transaction" : "Total",
    "sampleCount" : 100,
    "errorCount" : 100,
    "errorPct" : 100.0,
    "meanResTime" : 136140.77,
    "medianResTime" : 136146.5,
    "minResTime" : 135665.0,
    "maxResTime" : 136544.0,
    "pct1ResTime" : 136510.0,
    "pct2ResTime" : 136535.9,
    "pct3ResTime" : 136543.99,
    "throughput" : 0.7323324789454412,
    "receivedKBytesPerSec" : 2.0203508330281945,
    "sentKBytesPerSec" : 0.0
  }
}