{
  "Petición HTTP" : {
    "transaction" : "Petición HTTP",
    "sampleCount" : 100,
    "errorCount" : 100,
    "errorPct" : 100.0,
    "meanResTime" : 135103.14,
    "medianResTime" : 135111.5,
    "minResTime" : 134615.0,
    "maxResTime" : 135486.0,
    "pct1ResTime" : 135477.0,
    "pct2ResTime" : 135479.95,
    "pct3ResTime" : 135485.97,
    "throughput" : 0.7380455078860162,
    "receivedKBytesPerSec" : 2.036111874783199,
    "sentKBytesPerSec" : 0.0
  },
  "Total" : {
    "transaction" : "Total",
    "sampleCount" : 100,
    "errorCount" : 100,
    "errorPct" : 100.0,
    "meanResTime" : 135103.14,
    "medianResTime" : 135111.5,
    "minResTime" : 134615.0,
    "maxResTime" : 135486.0,
    "pct1ResTime" : 135477.0,
    "pct2ResTime" : 135479.95,
    "pct3ResTime" : 135485.97,
    "throughput" : 0.7380455078860162,
    "receivedKBytesPerSec" : 2.036111874783199,
    "sentKBytesPerSec" : 0.0
  }
}