{
  "Petición HTTP" : {
    "transaction" : "Petición HTTP",
    "sampleCount" : 100,
    "errorCount" : 100,
    "errorPct" : 100.0,
    "meanResTime" : 133073.30999999997,
    "medianResTime" : 133073.5,
    "minResTime" : 132584.0,
    "maxResTime" : 133480.0,
    "pct1ResTime" : 133452.8,
    "pct2ResTime" : 133463.85,
    "pct3ResTime" : 133479.97,
    "throughput" : 0.7491759065028469,
    "receivedKBytesPerSec" : 2.066818296748577,
    "sentKBytesPerSec" : 0.0
  },
  "Total" : {
    "transaction" : "Total",
    "sampleCount" : 100,
    "errorCount" : 100,
    "errorPct" : 100.0,
    "meanResTime" : 133073.30999999997,
    "medianResTime" : 133073.5,
    "minResTime" : 132584.0,
    "maxResTime" : 133480.0,
    "pct1ResTime" : 133452.8,
    "pct2ResTime" : 133463.85,
    "pct3ResTime" : 133479.97,
    "throughput" : 0.7491759065028469,
    "receivedKBytesPerSec" : 2.066818296748577,
    "sentKBytesPerSec" : 0.0
  }
}