{
  "Petición HTTP" : {
    "transaction" : "Petición HTTP",
    "sampleCount" : 100,
    "errorCount" : 100,
    "errorPct" : 100.0,
    "meanResTime" : 134623.12000000002,
    "medianResTime" : 134626.5,
    "minResTime" : 134136.0,
    "maxResTime" : 135021.0,
    "pct1ResTime" : 135008.4,
    "pct2ResTime" : 135012.95,
    "pct3ResTime" : 135020.96,
    "throughput" : 0.7405432625373974,
    "receivedKBytesPerSec" : 2.043002652996238,
    "sentKBytesPerSec" : 0.0
  },
  "Total" : {
    "transaction" : "Total",
    "sampleCount" : 100,
    "errorCount" : 100,
    "errorPct" : 100.0,
    "meanResTime" : 134623.12000000002,
    "medianResTime" : 134626.5,
    "minResTime" : 134136.0,
    "maxResTime" : 135021.0,
    "pct1ResTime" : 135008.4,
    "pct2ResTime" : 135012.95,
    "pct3ResTime" : 135020.96,
    "throughput" : 0.7405432625373974,
    "receivedKBytesPerSec" : 2.043002652996238,
    "sentKBytesPerSec" : 0.0
  }
}