{
  "Petición HTTP" : {
    "transaction" : "Petición HTTP",
    "sampleCount" : 100,
    "errorCount" : 100,
    "errorPct" : 100.0,
    "meanResTime" : 134809.08000000005,
    "medianResTime" : 134815.5,
    "minResTime" : 134313.0,
    "maxResTime" : 135208.0,
    "pct1ResTime" : 135189.0,
    "pct2ResTime" : 135192.95,
    "pct3ResTime" : 135207.94,
    "throughput" : 0.739584797094911,
    "receivedKBytesPerSec" : 2.040358449016722,
    "sentKBytesPerSec" : 0.0
  },
  "Total" : {
    "transaction" : "Total",
    "sampleCount" : 100,
    "errorCount" : 100,
    "errorPct" : 100.0,
    "meanResTime" : 134809.08000000005,
    "medianResTime" : 134815.5,
    "minResTime" : 134313.0,
    "maxResTime" : 135208.0,
    "pct1ResTime" : 135189.0,
    "pct2ResTime" : 135192.95,
    "pct3ResTime" : 135207.94,
    "throughput" : 0.739584797094911,
    "receivedKBytesPerSec" : 2.040358449016722,
    "sentKBytesPerSec" : 0.0
  }
}