{
  "Petición HTTP" : {
    "transaction" : "Petición HTTP",
    "sampleCount" : 100,
    "errorCount" : 100,
    "errorPct" : 100.0,
    "meanResTime" : 134836.85000000006,
    "medianResTime" : 134836.0,
    "minResTime" : 134345.0,
    "maxResTime" : 135244.0,
    "pct1ResTime" : 135216.8,
    "pct2ResTime" : 135232.9,
    "pct3ResTime" : 135243.97,
    "throughput" : 0.7394043358670255,
    "receivedKBytesPerSec" : 2.0398605945550266,
    "sentKBytesPerSec" : 0.0
  },
  "Total" : {
    "transaction" : "Total",
    "sampleCount" : 100,
    "errorCount" : 100,
    "errorPct" : 100.0,
    "meanResTime" : 134836.85000000006,
    "medianResTime" : 134836.0,
    "minResTime" : 134345.0,
    "maxResTime" : 135244.0,
    "pct1ResTime" : 135216.8,
    "pct2ResTime" : 135232.9,
    "pct3ResTime" : 135243.97,
    "throughput" : 0.7394043358670255,
    "receivedKBytesPerSec" : 2.0398605945550266,
    "sentKBytesPerSec" : 0.0
  }
}