{
  "Petición HTTP" : {
    "transaction" : "Petición HTTP",
    "sampleCount" : 100,
    "errorCount" : 100,
    "errorPct" : 100.0,
    "meanResTime" : 133910.12,
    "medianResTime" : 133918.0,
    "minResTime" : 133426.0,
    "maxResTime" : 134295.0,
    "pct1ResTime" : 134287.8,
    "pct2ResTime" : 134290.95,
    "pct3ResTime" : 134294.99,
    "throughput" : 0.7446293607356939,
    "receivedKBytesPerSec" : 2.0542753360139994,
    "sentKBytesPerSec" : 0.0
  },
  "Total" : {
    "transaction" : "Total",
    "sampleCount" : 100,
    "errorCount" : 100,
    "errorPct" : 100.0,
    "meanResTime" : 133910.12,
    "medianResTime" : 133918.0,
    "minResTime" : 133426.0,
    "maxResTime" : 134295.0,
    "pct1ResTime" : 134287.8,
    "pct2ResTime" : 134290.95,
    "pct3ResTime" : 134294.99,
    "throughput" : 0.7446293607356939,
    "receivedKBytesPerSec" : 2.0542753360139994,
    "sentKBytesPerSec" : 0.0
  }
}