{
  "Petición HTTP" : {
    "transaction" : "Petición HTTP",
    "sampleCount" : 100,
    "errorCount" : 100,
    "errorPct" : 100.0,
    "meanResTime" : 135223.49000000005,
    "medianResTime" : 135233.5,
    "minResTime" : 134739.0,
    "maxResTime" : 135600.0,
    "pct1ResTime" : 135598.0,
    "pct2ResTime" : 135598.95,
    "pct3ResTime" : 135600.0,
    "throughput" : 0.7374522499668147,
    "receivedKBytesPerSec" : 2.0344752013244642,
    "sentKBytesPerSec" : 0.0
  },
  "Total" : {
    "transaction" : "Total",
    "sampleCount" : 100,
    "errorCount" : 100,
    "errorPct" : 100.0,
    "meanResTime" : 135223.49000000005,
    "medianResTime" : 135233.5,
    "minResTime" : 134739.0,
    "maxResTime" : 135600.0,
    "pct1ResTime" : 135598.0,
    "pct2ResTime" : 135598.95,
    "pct3ResTime" : 135600.0,
    "throughput" : 0.7374522499668147,
    "receivedKBytesPerSec" : 2.0344752013244642,
    "sentKBytesPerSec" : 0.0
  }
}