{
  "Petición HTTP" : {
    "transaction" : "Petición HTTP",
    "sampleCount" : 100,
    "errorCount" : 100,
    "errorPct" : 100.0,
    "meanResTime" : 134543.39000000007,
    "medianResTime" : 134547.5,
    "minResTime" : 134048.0,
    "maxResTime" : 134915.0,
    "pct1ResTime" : 134913.0,
    "pct2ResTime" : 134914.0,
    "pct3ResTime" : 134914.99,
    "throughput" : 0.7409767555591781,
    "receivedKBytesPerSec" : 2.0441985688033966,
    "sentKBytesPerSec" : 0.0
  },
  "Total" : {
    "transaction" : "Total",
    "sampleCount" : 100,
    "errorCount" : 100,
    "errorPct" : 100.0,
    "meanResTime" : 134543.39000000007,
    "medianResTime" : 134547.5,
    "minResTime" : 134048.0,
    "maxResTime" : 134915.0,
    "pct1ResTime" : 134913.0,
    "pct2ResTime" : 134914.0,
    "pct3ResTime" : 134914.99,
    "throughput" : 0.7409767555591781,
    "receivedKBytesPerSec" : 2.0441985688033966,
    "sentKBytesPerSec" : 0.0
  }
}