{
  "Petición HTTP" : {
    "transaction" : "Petición HTTP",
    "sampleCount" : 100,
    "errorCount" : 100,
    "errorPct" : 100.0,
    "meanResTime" : 133712.21999999994,
    "medianResTime" : 133718.0,
    "minResTime" : 133223.0,
    "maxResTime" : 134106.0,
    "pct1ResTime" : 134100.9,
    "pct2ResTime" : 134103.95,
    "pct3ResTime" : 134105.99,
    "throughput" : 0.7456065136185029,
    "receivedKBytesPerSec" : 2.0569710946994832,
    "sentKBytesPerSec" : 0.0
  },
  "Total" : {
    "transaction" : "Total",
    "sampleCount" : 100,
    "errorCount" : 100,
    "errorPct" : 100.0,
    "meanResTime" : 133712.21999999994,
    "medianResTime" : 133718.0,
    "minResTime" : 133223.0,
    "maxResTime" : 134106.0,
    "pct1ResTime" : 134100.9,
    "pct2ResTime" : 134103.95,
    "pct3ResTime" : 134105.99,
    "throughput" : 0.7456065136185029,
    "receivedKBytesPerSec" : 2.0569710946994832,
    "sentKBytesPerSec" : 0.0
  }
}