{
  "Petición HTTP" : {
    "transaction" : "Petición HTTP",
    "sampleCount" : 100,
    "errorCount" : 100,
    "errorPct" : 100.0,
    "meanResTime" : 134998.45000000004,
    "medianResTime" : 134999.5,
    "minResTime" : 134504.0,
    "maxResTime" : 135402.0,
    "pct1ResTime" : 135390.0,
    "pct2ResTime" : 135394.95,
    "pct3ResTime" : 135401.99,
    "throughput" : 0.7385197110910889,
    "receivedKBytesPerSec" : 2.037420101398756,
    "sentKBytesPerSec" : 0.0
  },
  "Total" : {
    "transaction" : "Total",
    "sampleCount" : 100,
    "errorCount" : 100,
    "errorPct" : 100.0,
    "meanResTime" : 134998.45000000004,
    "medianResTime" : 134999.5,
    "minResTime" : 134504.0,
    "maxResTime" : 135402.0,
    "pct1ResTime" : 135390.0,
    "pct2ResTime" : 135394.95,
    "pct3ResTime" : 135401.99,
    "throughput" : 0.7385197110910889,
    "receivedKBytesPerSec" : 2.037420101398756,
    "sentKBytesPerSec" : 0.0
  }
}