{
  "Petición HTTP" : {
    "transaction" : "Petición HTTP",
    "sampleCount" : 100,
    "errorCount" : 100,
    "errorPct" : 100.0,
    "meanResTime" : 135423.24,
    "medianResTime" : 135424.0,
    "minResTime" : 134927.0,
    "maxResTime" : 135820.0,
    "pct1ResTime" : 135806.3,
    "pct2ResTime" : 135816.9,
    "pct3ResTime" : 135820.0,
    "throughput" : 0.7362035455562754,
    "receivedKBytesPerSec" : 2.0310302892543732,
    "sentKBytesPerSec" : 0.0
  },
  "Total" : {
    "transaction" : "Total",
    "sampleCount" : 100,
    "errorCount" : 100,
    "errorPct" : 100.0,
    "meanResTime" : 135423.24,
    "medianResTime" : 135424.0,
    "minResTime" : 134927.0,
    "maxResTime" : 135820.0,
    "pct1ResTime" : 135806.3,
    "pct2ResTime" : 135816.9,
    "pct3ResTime" : 135820.0,
    "throughput" : 0.7362035455562754,
    "receivedKBytesPerSec" : 2.0310302892543732,
    "sentKBytesPerSec" : 0.0
  }
}