{
  "Petición HTTP" : {
    "transaction" : "Petición HTTP",
    "sampleCount" : 100,
    "errorCount" : 100,
    "errorPct" : 100.0,
    "meanResTime" : 134988.93000000005,
    "medianResTime" : 134993.0,
    "minResTime" : 134503.0,
    "maxResTime" : 135389.0,
    "pct1ResTime" : 135375.0,
    "pct2ResTime" : 135377.0,
    "pct3ResTime" : 135388.89,
    "throughput" : 0.7386069872220992,
    "receivedKBytesPerSec" : 2.0376608778344045,
    "sentKBytesPerSec" : 0.0
  },
  "Total" : {
    "transaction" : "Total",
    "sampleCount" : 100,
    "errorCount" : 100,
    "errorPct" : 100.0,
    "meanResTime" : 134988.93000000005,
    "medianResTime" : 134993.0,
    "minResTime" : 134503.0,
    "maxResTime" : 135389.0,
    "pct1ResTime" : 135375.0,
    "pct2ResTime" : 135377.0,
    "pct3ResTime" : 135388.89,
    "throughput" : 0.7386069872220992,
    "receivedKBytesPerSec" : 2.0376608778344045,
    "sentKBytesPerSec" : 0.0
  }
}