{
  "Petición HTTP" : {
    "transaction" : "Petición HTTP",
    "sampleCount" : 100,
    "errorCount" : 100,
    "errorPct" : 100.0,
    "meanResTime" : 134446.27000000005,
    "medianResTime" : 134453.5,
    "minResTime" : 133958.0,
    "maxResTime" : 134835.0,
    "pct1ResTime" : 134831.9,
    "pct2ResTime" : 134833.0,
    "pct3ResTime" : 134834.99,
    "throughput" : 0.7415097137772505,
    "receivedKBytesPerSec" : 2.045668888106184,
    "sentKBytesPerSec" : 0.0
  },
  "Total" : {
    "transaction" : "Total",
    "sampleCount" : 100,
    "errorCount" : 100,
    "errorPct" : 100.0,
    "meanResTime" : 134446.27000000005,
    "medianResTime" : 134453.5,
    "minResTime" : 133958.0,
    "maxResTime" : 134835.0,
    "pct1ResTime" : 134831.9,
    "pct2ResTime" : 134833.0,
    "pct3ResTime" : 134834.99,
    "throughput" : 0.7415097137772505,
    "receivedKBytesPerSec" : 2.045668888106184,
    "sentKBytesPerSec" : 0.0
  }
}