{
  "Petición HTTP" : {
    "transaction" : "Petición HTTP",
    "sampleCount" : 100,
    "errorCount" : 100,
    "errorPct" : 100.0,
    "meanResTime" : 136051.05000000005,
    "medianResTime" : 136065.0,
    "minResTime" : 135554.0,
    "maxResTime" : 136450.0,
    "pct1ResTime" : 136423.8,
    "pct2ResTime" : 136441.85,
    "pct3ResTime" : 136449.98,
    "throughput" : 0.7328584410635243,
    "receivedKBytesPerSec" : 2.021801851566851,
    "sentKBytesPerSec" : 0.0
  },
  "Total" : {
    "transaction" : "Total",
    "sampleCount" : 100,
    "errorCount" : 100,
    "errorPct" : 100.0,
    "meanResTime" : 136051.05000000005,
    "medianResTime" : 136065.0,
    "minResTime" : 135554.0,
    "maxResTime" : 136450.0,
    "pct1ResTime" : 136423.8,
    "pct2ResTime" : 136441.85,
    "pct3ResTime" : 136449.98,
    "throughput" : 0.7328584410635243,
    "receivedKBytesPerSec" : 2.021801851566851,
    "sentKBytesPerSec" : 0.0
  }
}