{
  "Petición HTTP" : {
    "transaction" : "Petición HTTP",
    "sampleCount" : 100,
    "errorCount" : 100,
    "errorPct" : 100.0,
    "meanResTime" : 133649.5,
    "medianResTime" : 133658.0,
    "minResTime" : 133146.0,
    "maxResTime" : 134049.0,
    "pct1ResTime" : 134020.0,
    "pct2ResTime" : 134039.7,
    "pct3ResTime" : 134049.0,
    "throughput" : 0.7459513490530149,
    "receivedKBytesPerSec" : 2.057922422924577,
    "sentKBytesPerSec" : 0.0
  },
  "Total" : {
    "transaction" : "Total",
    "sampleCount" : 100,
    "errorCount" : 100,
    "errorPct" : 100.0,
    "meanResTime" : 133649.5,
    "medianResTime" : 133658.0,
    "minResTime" : 133146.0,
    "maxResTime" : 134049.0,
    "pct1ResTime" : 134020.0,
    "pct2ResTime" : 134039.7,
    "pct3ResTime" : 134049.0,
    "throughput" : 0.7459513490530149,
    "receivedKBytesPerSec" : 2.057922422924577,
    "sentKBytesPerSec" : 0.0
  }
}