{
  "Petición HTTP" : {
    "transaction" : "Petición HTTP",
    "sampleCount" : 100,
    "errorCount" : 100,
    "errorPct" : 100.0,
    "meanResTime" : 134002.53000000006,
    "medianResTime" : 134010.0,
    "minResTime" : 133516.0,
    "maxResTime" : 134390.0,
    "pct1ResTime" : 134387.0,
    "pct2ResTime" : 134388.0,
    "pct3ResTime" : 134390.0,
    "throughput" : 0.7440919102327519,
    "receivedKBytesPerSec" : 2.052792623444848,
    "sentKBytesPerSec" : 0.0
  },
  "Total" : {
    "transaction" : "Total",
    "sampleCount" : 100,
    "errorCount" : 100,
    "errorPct" : 100.0,
    "meanResTime" : 134002.53000000006,
    "medianResTime" : 134010.0,
    "minResTime" : 133516.0,
    "maxResTime" : 134390.0,
    "pct1ResTime" : 134387.0,
    "pct2ResTime" : 134388.0,
    "pct3ResTime" : 134390.0,
    "throughput" : 0.7440919102327519,
    "receivedKBytesPerSec" : 2.052792623444848,
    "sentKBytesPerSec" : 0.0
  }
}