{
  "Petición HTTP" : {
    "transaction" : "Petición HTTP",
    "sampleCount" : 100,
    "errorCount" : 100,
    "errorPct" : 100.0,
    "meanResTime" : 133942.78000000003,
    "medianResTime" : 133948.0,
    "minResTime" : 133454.0,
    "maxResTime" : 134336.0,
    "pct1ResTime" : 134325.0,
    "pct2ResTime" : 134327.95,
    "pct3ResTime" : 134335.97,
    "throughput" : 0.7442469709148284,
    "receivedKBytesPerSec" : 2.053220403158584,
    "sentKBytesPerSec" : 0.0
  },
  "Total" : {
    "transaction" : "Total",
    "sampleCount" : 100,
    "errorCount" : 100,
    "errorPct" : 100.0,
    "meanResTime" : 133942.78000000003,
    "medianResTime" : 133948.0,
    "minResTime" : 133454.0,
    "maxResTime" : 134336.0,
    "pct1ResTime" : 134325.0,
    "pct2ResTime" : 134327.95,
    "pct3ResTime" : 134335.97,
    "throughput" : 0.7442469709148284,
    "receivedKBytesPerSec" : 2.053220403158584,
    "sentKBytesPerSec" : 0.0
  }
}