{
  "Petición HTTP" : {
    "transaction" : "Petición HTTP",
    "sampleCount" : 100,
    "errorCount" : 100,
    "errorPct" : 100.0,
    "meanResTime" : 135352.88999999998,
    "medianResTime" : 135360.0,
    "minResTime" : 134865.0,
    "maxResTime" : 135745.0,
    "pct1ResTime" : 135741.0,
    "pct2ResTime" : 135743.0,
    "pct3ResTime" : 135745.0,
    "throughput" : 0.7366536770068287,
    "receivedKBytesPerSec" : 2.0322721069768472,
    "sentKBytesPerSec" : 0.0
  },
  "Total" : {
    "transaction" : "Total",
    "sampleCount" : 100,
    "errorCount" : 100,
    "errorPct" : 100.0,
    "meanResTime" : 135352.88999999998,
    "medianResTime" : 135360.0,
    "minResTime" : 134865.0,
    "maxResTime" : 135745.0,
    "pct1ResTime" : 135741.0,
    "pct2ResTime" : 135743.0,
    "pct3ResTime" : 135745.0,
    "throughput" : 0.7366536770068287,
    "receivedKBytesPerSec" : 2.0322721069768472,
    "sentKBytesPerSec" : 0.0
  }
}