{
  "Petición HTTP" : {
    "transaction" : "Petición HTTP",
    "sampleCount" : 100,
    "errorCount" : 100,
    "errorPct" : 100.0,
    "meanResTime" : 134194.42999999996,
    "medianResTime" : 134200.0,
    "minResTime" : 133701.0,
    "maxResTime" : 134599.0,
    "pct1ResTime" : 134573.0,
    "pct2ResTime" : 134586.0,
    "pct3ResTime" : 134598.96,
    "throughput" : 0.7428813395636314,
    "receivedKBytesPerSec" : 2.049452914323495,
    "sentKBytesPerSec" : 0.0
  },
  "Total" : {
    "transaction" : "Total",
    "sampleCount" : 100,
    "errorCount" : 100,
    "errorPct" : 100.0,
    "meanResTime" : 134194.42999999996,
    "medianResTime" : 134200.0,
    "minResTime" : 133701.0,
    "maxResTime" : 134599.0,
    "pct1ResTime" : 134573.0,
    "pct2ResTime" : 134586.0,
    "pct3ResTime" : 134598.96,
    "throughput" : 0.7428813395636314,
    "receivedKBytesPerSec" : 2.049452914323495,
    "sentKBytesPerSec" : 0.0
  }
}