{
  "Petición HTTP" : {
    "transaction" : "Petición HTTP",
    "sampleCount" : 100,
    "errorCount" : 100,
    "errorPct" : 100.0,
    "meanResTime" : 135153.10000000003,
    "medianResTime" : 135162.5,
    "minResTime" : 134666.0,
    "maxResTime" : 135553.0,
    "pct1ResTime" : 135531.0,
    "pct2ResTime" : 135541.95,
    "pct3ResTime" : 135553.0,
    "throughput" : 0.7376970573264383,
    "receivedKBytesPerSec" : 2.035150573190614,
    "sentKBytesPerSec" : 0.0
  },
  "Total" : {
    "transaction" : "Total",
    "sampleCount" : 100,
    "errorCount" : 100,
    "errorPct" : 100.0,
    "meanResTime" : 135153.10000000003,
    "medianResTime" : 135162.5,
    "minResTime" : 134666.0,
    "maxResTime" : 135553.0,
    "pct1ResTime" : 135531.0,
    "pct2ResTime" : 135541.95,
    "pct3ResTime" : 135553.0,
    "throughput" : 0.7376970573264383,
    "receivedKBytesPerSec" : 2.035150573190614,
    "sentKBytesPerSec" : 0.0
  }
}