{
  "Petición HTTP" : {
    "transaction" : "Petición HTTP",
    "sampleCount" : 100,
    "errorCount" : 100,
    "errorPct" : 100.0,
    "meanResTime" : 134981.0700000001,
    "medianResTime" : 134991.0,
    "minResTime" : 134492.0,
    "maxResTime" : 135361.0,
    "pct1ResTime" : 135358.0,
    "pct2ResTime" : 135359.0,
    "pct3ResTime" : 135361.0,
    "throughput" : 0.7387652277982579,
    "receivedKBytesPerSec" : 2.038097430205155,
    "sentKBytesPerSec" : 0.0
  },
  "Total" : {
    "transaction" : "Total",
    "sampleCount" : 100,
    "errorCount" : 100,
    "errorPct" : 100.0,
    "meanResTime" : 134981.0700000001,
    "medianResTime" : 134991.0,
    "minResTime" : 134492.0,
    "maxResTime" : 135361.0,
    "pct1ResTime" : 135358.0,
    "pct2ResTime" : 135359.0,
    "pct3ResTime" : 135361.0,
    "throughput" : 0.7387652277982579,
    "receivedKBytesPerSec" : 2.038097430205155,
    "sentKBytesPerSec" : 0.0
  }
}