{
  "Petición HTTP" : {
    "transaction" : "Petición HTTP",
    "sampleCount" : 100,
    "errorCount" : 100,
    "errorPct" : 100.0,
    "meanResTime" : 133598.36999999988,
    "medianResTime" : 133621.5,
    "minResTime" : 133104.0,
    "maxResTime" : 133986.0,
    "pct1ResTime" : 133969.9,
    "pct2ResTime" : 133975.9,
    "pct3ResTime" : 133985.97,
    "throughput" : 0.7462853645977148,
    "receivedKBytesPerSec" : 2.0588439013560005,
    "sentKBytesPerSec" : 0.0
  },
  "Total" : {
    "transaction" : "Total",
    "sampleCount" : 100,
    "errorCount" : 100,
    "errorPct" : 100.0,
    "meanResTime" : 133598.36999999988,
    "medianResTime" : 133621.5,
    "minResTime" : 133104.0,
    "maxResTime" : 133986.0,
    "pct1ResTime" : 133969.9,
    "pct2ResTime" : 133975.9,
    "pct3ResTime" : 133985.97,
    "throughput" : 0.7462853645977148,
    "receivedKBytesPerSec" : 2.0588439013560005,
    "sentKBytesPerSec" : 0.0
  }
}