{
  "Petición HTTP" : {
    "transaction" : "Petición HTTP",
    "sampleCount" : 100,
    "errorCount" : 100,
    "errorPct" : 100.0,
    "meanResTime" : 135555.29,
    "medianResTime" : 135564.0,
    "minResTime" : 135066.0,
    "maxResTime" : 135967.0,
    "pct1ResTime" : 135938.8,
    "pct2ResTime" : 135940.95,
    "pct3ResTime" : 135966.97,
    "throughput" : 0.735456350665588,
    "receivedKBytesPerSec" : 2.028968936162389,
    "sentKBytesPerSec" : 0.0
  },
  "Total" : {
    "transaction" : "Total",
    "sampleCount" : 100,
    "errorCount" : 100,
    "errorPct" : 100.0,
    "meanResTime" : 135555.29,
    "medianResTime" : 135564.0,
    "minResTime" : 135066.0,
    "maxResTime" : 135967.0,
    "pct1ResTime" : 135938.8,
    "pct2ResTime" : 135940.95,
    "pct3ResTime" : 135966.97,
    "throughput" : 0.735456350665588,
    "receivedKBytesPerSec" : 2.028968936162389,
    "sentKBytesPerSec" : 0.0
  }
}