{
  "Petición HTTP" : {
    "transaction" : "Petición HTTP",
    "sampleCount" : 100,
    "errorCount" : 100,
    "errorPct" : 100.0,
    "meanResTime" : 136261.50999999998,
    "medianResTime" : 136270.0,
    "minResTime" : 135776.0,
    "maxResTime" : 136644.0,
    "pct1ResTime" : 136641.0,
    "pct2ResTime" : 136643.0,
    "pct3ResTime" : 136644.0,
    "throughput" : 0.7318233378462439,
    "receivedKBytesPerSec" : 2.01894622013246,
    "sentKBytesPerSec" : 0.0
  },
  "Total" : {
    "transaction" : "Total",
    "sampleCount" : 100,
    "errorCount" : 100,
    "errorPct" : 100.0,
    "meanResTime" : 136261.50999999998,
    "medianResTime" : 136270.0,
    "minResTime" : 135776.0,
    "maxResTime" : 136644.0,
    "pct1ResTime" : 136641.0,
    "pct2ResTime" : 136643.0,
    "pct3ResTime" : 136644.0,
    "throughput" : 0.7318233378462439,
    "receivedKBytesPerSec" : 2.01894622013246,
    "sentKBytesPerSec" : 0.0
  }
}