{
  "Petición HTTP" : {
    "transaction" : "Petición HTTP",
    "sampleCount" : 100,
    "errorCount" : 100,
    "errorPct" : 100.0,
    "meanResTime" : 135246.93999999994,
    "medianResTime" : 135255.0,
    "minResTime" : 134760.0,
    "maxResTime" : 135630.0,
    "pct1ResTime" : 135627.9,
    "pct2ResTime" : 135628.0,
    "pct3ResTime" : 135630.0,
    "throughput" : 0.7372184746949758,
    "receivedKBytesPerSec" : 2.0338302646614324,
    "sentKBytesPerSec" : 0.0
  },
  "Total" : {
    "transaction" : "Total",
    "sampleCount" : 100,
    "errorCount" : 100,
    "errorPct" : 100.0,
    "meanResTime" : 135246.93999999994,
    "medianResTime" : 135255.0,
    "minResTime" : 134760.0,
    "maxResTime" : 135630.0,
    "pct1ResTime" : 135627.9,
    "pct2ResTime" : 135628.0,
    "pct3ResTime" : 135630.0,
    "throughput" : 0.7372184746949758,
    "receivedKBytesPerSec" : 2.0338302646614324,
    "sentKBytesPerSec" : 0.0
  }
}