{
  "Petición HTTP" : {
    "transaction" : "Petición HTTP",
    "sampleCount" : 100,
    "errorCount" : 100,
    "errorPct" : 100.0,
    "meanResTime" : 133751.16000000003,
    "medianResTime" : 133760.5,
    "minResTime" : 133254.0,
    "maxResTime" : 134159.0,
    "pct1ResTime" : 134135.9,
    "pct2ResTime" : 134147.95,
    "pct3ResTime" : 134159.0,
    "throughput" : 0.7453675407343361,
    "receivedKBytesPerSec" : 2.0563118189204097,
    "sentKBytesPerSec" : 0.0
  },
  "Total" : {
    "transaction" : "Total",
    "sampleCount" : 100,
    "errorCount" : 100,
    "errorPct" : 100.0,
    "meanResTime" : 133751.16000000003,
    "medianResTime" : 133760.5,
    "minResTime" : 133254.0,
    "maxResTime" : 134159.0,
    "pct1ResTime" : 134135.9,
    "pct2ResTime" : 134147.95,
    "pct3ResTime" : 134159.0,
    "throughput" : 0.7453675407343361,
    "receivedKBytesPerSec" : 2.0563118189204097,
    "sentKBytesPerSec" : 0.0
  }
}