{
  "Petición HTTP" : {
    "transaction" : "Petición HTTP",
    "sampleCount" : 100,
    "errorCount" : 100,
    "errorPct" : 100.0,
    "meanResTime" : 133097.78999999998,
    "medianResTime" : 133106.0,
    "minResTime" : 132615.0,
    "maxResTime" : 133490.0,
    "pct1ResTime" : 133480.0,
    "pct2ResTime" : 133484.0,
    "pct3ResTime" : 133489.97,
    "throughput" : 0.7490580594901911,
    "receivedKBytesPerSec" : 2.0664931816990135,
    "sentKBytesPerSec" : 0.0
  },
  "Total" : {
    "transaction" : "Total",
    "sampleCount" : 100,
    "errorCount" : 100,
    "errorPct" : 100.0,
    "meanResTime" : 133097.78999999998,
    "medianResTime" : 133106.0,
    "minResTime" : 132615.0,
    "maxResTime" : 133490.0,
    "pct1ResTime" : 133480.0,
    "pct2ResTime" : 133484.0,
    "pct3ResTime" : 133489.97,
    "throughput" : 0.7490580594901911,
    "receivedKBytesPerSec" : 2.0664931816990135,
    "sentKBytesPerSec" : 0.0
  }
}