{
  "Petición HTTP" : {
    "transaction" : "Petición HTTP",
    "sampleCount" : 100,
    "errorCount" : 100,
    "errorPct" : 100.0,
    "meanResTime" : 133276.84000000003,
    "medianResTime" : 133283.5,
    "minResTime" : 132796.0,
    "maxResTime" : 133673.0,
    "pct1ResTime" : 133648.9,
    "pct2ResTime" : 133656.8,
    "pct3ResTime" : 133672.97,
    "throughput" : 0.748088633541302,
    "receivedKBytesPerSec" : 2.0638187399943146,
    "sentKBytesPerSec" : 0.0
  },
  "Total" : {
    "transaction" : "Total",
    "sampleCount" : 100,
    "errorCount" : 100,
    "errorPct" : 100.0,
    "meanResTime" : 133276.84000000003,
    "medianResTime" : 133283.5,
    "minResTime" : 132796.0,
    "maxResTime" : 133673.0,
    "pct1ResTime" : 133648.9,
    "pct2ResTime" : 133656.8,
    "pct3ResTime" : 133672.97,
    "throughput" : 0.748088633541302,
    "receivedKBytesPerSec" : 2.0638187399943146,
    "sentKBytesPerSec" : 0.0
  }
}