{
  "Petición HTTP" : {
    "transaction" : "Petición HTTP",
    "sampleCount" : 100,
    "errorCount" : 100,
    "errorPct" : 100.0,
    "meanResTime" : 134270.35,
    "medianResTime" : 134278.5,
    "minResTime" : 133769.0,
    "maxResTime" : 134671.0,
    "pct1ResTime" : 134641.0,
    "pct2ResTime" : 134661.0,
    "pct3ResTime" : 134670.97,
    "throughput" : 0.7425117688115357,
    "receivedKBytesPerSec" : 2.048433346574793,
    "sentKBytesPerSec" : 0.0
  },
  "Total" : {
    "transaction" : "Total",
    "sampleCount" : 100,
    "errorCount" : 100,
    "errorPct" : 100.0,
    "meanResTime" : 134270.35,
    "medianResTime" : 134278.5,
    "minResTime" : 133769.0,
    "maxResTime" : 134671.0,
    "pct1ResTime" : 134641.0,
    "pct2ResTime" : 134661.0,
    "pct3ResTime" : 134670.97,
    "throughput" : 0.7425117688115357,
    "receivedKBytesPerSec" : 2.048433346574793,
    "sentKBytesPerSec" : 0.0
  }
}