{
  "Petición HTTP" : {
    "transaction" : "Petición HTTP",
    "sampleCount" : 100,
    "errorCount" : 0,
    "errorPct" : 0.0,
    "meanResTime" : 1540.21,
    "medianResTime" : 1536.0,
    "minResTime" : 208.0,
    "maxResTime" : 2477.0,
    "pct1ResTime" : 2328.4,
    "pct2ResTime" : 2470.9,
    "pct3ResTime" : 2476.96,
    "throughput" : 37.4251497005988,
    "receivedKBytesPerSec" : 33.00284197230539,
    "sentKBytesPerSec" : 5.445651665419161
  },
  "Total" : {
    "transaction" : "Total",
    "sampleCount" : 100,
    "errorCount" : 0,
    "errorPct" : 0.0,
    "meanResTime" : 1540.21,
    "medianResTime" : 1536.0,
    "minResTime" : 208.0,
    "maxResTime" : 2477.0,
    "pct1ResTime" : 2328.4,
    "pct2ResTime" : 2470.9,
    "pct3ResTime" : 2476.96,
    "throughput" : 37.4251497005988,
    "receivedKBytesPerSec" : 33.00284197230539,
    "sentKBytesPerSec" : 5.445651665419161
  }
}