{
  "Petición HTTP" : {
    "transaction" : "Petición HTTP",
    "sampleCount" : 100,
    "errorCount" : 100,
    "errorPct" : 100.0,
    "meanResTime" : 135980.56000000006,
    "medianResTime" : 135990.5,
    "minResTime" : 135486.0,
    "maxResTime" : 136379.0,
    "pct1ResTime" : 136358.9,
    "pct2ResTime" : 136371.75,
    "pct3ResTime" : 136378.95,
    "throughput" : 0.7332345910750686,
    "receivedKBytesPerSec" : 2.0228395701045594,
    "sentKBytesPerSec" : 0.0
  },
  "Total" : {
    "transaction" : "Total",
    "sampleCount" : 100,
    "errorCount" : 100,
    "errorPct" : 100.0,
    "meanResTime" : 135980.56000000006,
    "medianResTime" : 135990.5,
    "minResTime" : 135486.0,
    "maxResTime" : 136379.0,
    "pct1ResTime" : 136358.9,
    "pct2ResTime" : 136371.75,
    "pct3ResTime" : 136378.95,
    "throughput" : 0.7332345910750686,
    "receivedKBytesPerSec" : 2.0228395701045594,
    "sentKBytesPerSec" : 0.0
  }
}