{
  "Petición HTTP" : {
    "transaction" : "Petición HTTP",
    "sampleCount" : 100,
    "errorCount" : 100,
    "errorPct" : 100.0,
    "meanResTime" : 134942.90000000005,
    "medianResTime" : 134950.5,
    "minResTime" : 134464.0,
    "maxResTime" : 135345.0,
    "pct1ResTime" : 135324.9,
    "pct2ResTime" : 135329.0,
    "pct3ResTime" : 135344.98,
    "throughput" : 0.7388307264922535,
    "receivedKBytesPerSec" : 2.0382781272857575,
    "sentKBytesPerSec" : 0.0
  },
  "Total" : {
    "transaction" : "Total",
    "sampleCount" : 100,
    "errorCount" : 100,
    "errorPct" : 100.0,
    "meanResTime" : 134942.90000000005,
    "medianResTime" : 134950.5,
    "minResTime" : 134464.0,
    "maxResTime" : 135345.0,
    "pct1ResTime" : 135324.9,
    "pct2ResTime" : 135329.0,
    "pct3ResTime" : 135344.98,
    "throughput" : 0.7388307264922535,
    "receivedKBytesPerSec" : 2.0382781272857575,
    "sentKBytesPerSec" : 0.0
  }
}