{
  "Petición HTTP" : {
    "transaction" : "Petición HTTP",
    "sampleCount" : 100,
    "errorCount" : 100,
    "errorPct" : 100.0,
    "meanResTime" : 134244.36,
    "medianResTime" : 134253.5,
    "minResTime" : 133763.0,
    "maxResTime" : 134636.0,
    "pct1ResTime" : 134629.9,
    "pct2ResTime" : 134632.0,
    "pct3ResTime" : 134635.97,
    "throughput" : 0.7427102984209979,
    "receivedKBytesPerSec" : 2.04898104788996,
    "sentKBytesPerSec" : 0.0
  },
  "Total" : {
    "transaction" : "Total",
    "sampleCount" : 100,
    "errorCount" : 100,
    "errorPct" : 100.0,
    "meanResTime" : 134244.36,
    "medianResTime" : 134253.5,
    "minResTime" : 133763.0,
    "maxResTime" : 134636.0,
    "pct1ResTime" : 134629.9,
    "pct2ResTime" : 134632.0,
    "pct3ResTime" : 134635.97,
    "throughput" : 0.7427102984209979,
    "receivedKBytesPerSec" : 2.04898104788996,
    "sentKBytesPerSec" : 0.0
  }
}