{
  "Petición HTTP" : {
    "transaction" : "Petición HTTP",
    "sampleCount" : 100,
    "errorCount" : 100,
    "errorPct" : 100.0,
    "meanResTime" : 135413.27000000005,
    "medianResTime" : 135421.5,
    "minResTime" : 134926.0,
    "maxResTime" : 135799.0,
    "pct1ResTime" : 135796.9,
    "pct2ResTime" : 135797.0,
    "pct3ResTime" : 135799.0,
    "throughput" : 0.736360757862492,
    "receivedKBytesPerSec" : 2.0314640048452537,
    "sentKBytesPerSec" : 0.0
  },
  "Total" : {
    "transaction" : "Total",
    "sampleCount" : 100,
    "errorCount" : 100,
    "errorPct" : 100.0,
    "meanResTime" : 135413.27000000005,
    "medianResTime" : 135421.5,
    "minResTime" : 134926.0,
    "maxResTime" : 135799.0,
    "pct1ResTime" : 135796.9,
    "pct2ResTime" : 135797.0,
    "pct3ResTime" : 135799.0,
    "throughput" : 0.736360757862492,
    "receivedKBytesPerSec" : 2.0314640048452537,
    "sentKBytesPerSec" : 0.0
  }
}