{
  "Petición HTTP" : {
    "transaction" : "Petición HTTP",
    "sampleCount" : 100,
    "errorCount" : 100,
    "errorPct" : 100.0,
    "meanResTime" : 133958.34000000005,
    "medianResTime" : 133964.5,
    "minResTime" : 133468.0,
    "maxResTime" : 134350.0,
    "pct1ResTime" : 134347.0,
    "pct2ResTime" : 134348.95,
    "pct3ResTime" : 134350.0,
    "throughput" : 0.7442802066121853,
    "receivedKBytesPerSec" : 2.053312093436937,
    "sentKBytesPerSec" : 0.0
  },
  "Total" : {
    "transaction" : "Total",
    "sampleCount" : 100,
    "errorCount" : 100,
    "errorPct" : 100.0,
    "meanResTime" : 133958.34000000005,
    "medianResTime" : 133964.5,
    "minResTime" : 133468.0,
    "maxResTime" : 134350.0,
    "pct1ResTime" : 134347.0,
    "pct2ResTime" : 134348.95,
    "pct3ResTime" : 134350.0,
    "throughput" : 0.7442802066121853,
    "receivedKBytesPerSec" : 2.053312093436937,
    "sentKBytesPerSec" : 0.0
  }
}