{
  "Petición HTTP" : {
    "transaction" : "Petición HTTP",
    "sampleCount" : 100,
    "errorCount" : 100,
    "errorPct" : 100.0,
    "meanResTime" : 134848.7300000001,
    "medianResTime" : 134856.5,
    "minResTime" : 134365.0,
    "maxResTime" : 135247.0,
    "pct1ResTime" : 135233.8,
    "pct2ResTime" : 135239.85,
    "pct3ResTime" : 135246.94,
    "throughput" : 0.7393387354350268,
    "receivedKBytesPerSec" : 2.0396796168007336,
    "sentKBytesPerSec" : 0.0
  },
  "Total" : {
    "transaction" : "Total",
    "sampleCount" : 100,
    "errorCount" : 100,
    "errorPct" : 100.0,
    "meanResTime" : 134848.7300000001,
    "medianResTime" : 134856.5,
    "minResTime" : 134365.0,
    "maxResTime" : 135247.0,
    "pct1ResTime" : 135233.8,
    "pct2ResTime" : 135239.85,
    "pct3ResTime" : 135246.94,
    "throughput" : 0.7393387354350268,
    "receivedKBytesPerSec" : 2.0396796168007336,
    "sentKBytesPerSec" : 0.0
  }
}