{
  "Petición HTTP" : {
    "transaction" : "Petición HTTP",
    "sampleCount" : 100,
    "errorCount" : 100,
    "errorPct" : 100.0,
    "meanResTime" : 133391.51999999993,
    "medianResTime" : 132904.0,
    "minResTime" : 132406.0,
    "maxResTime" : 136489.0,
    "pct1ResTime" : 136399.0,
    "pct2ResTime" : 136450.55,
    "pct3ResTime" : 136488.93,
    "throughput" : 0.7288204769401201,
    "receivedKBytesPerSec" : 2.010661960308437,
    "sentKBytesPerSec" : 0.0
  },
  "Total" : {
    "transaction" : "Total",
    "sampleCount" : 100,
    "errorCount" : 100,
    "errorPct" : 100.0,
    "meanResTime" : 133391.51999999993,
    "medianResTime" : 132904.0,
    "minResTime" : 132406.0,
    "maxResTime" : 136489.0,
    "pct1ResTime" : 136399.0,
    "pct2ResTime" : 136450.55,
    "pct3ResTime" : 136488.93,
    "throughput" : 0.7288204769401201,
    "receivedKBytesPerSec" : 2.010661960308437,
    "sentKBytesPerSec" : 0.0
  }
}