{
  "Petición HTTP" : {
    "transaction" : "Petición HTTP",
    "sampleCount" : 100,
    "errorCount" : 100,
    "errorPct" : 100.0,
    "meanResTime" : 136301.39999999997,
    "medianResTime" : 136324.0,
    "minResTime" : 135836.0,
    "maxResTime" : 136686.0,
    "pct1ResTime" : 136670.0,
    "pct2ResTime" : 136676.75,
    "pct3ResTime" : 136686.0,
    "throughput" : 0.7315181928574563,
    "receivedKBytesPerSec" : 2.0181043894749164,
    "sentKBytesPerSec" : 0.0
  },
  "Total" : {
    "transaction" : "Total",
    "sampleCount" : 100,
    "errorCount" : 100,
    "errorPct" : 100.0,
    "meanResTime" : 136301.39999999997,
    "medianResTime" : 136324.0,
    "minResTime" : 135836.0,
    "maxResTime" : 136686.0,
    "pct1ResTime" : 136670.0,
    "pct2ResTime" : 136676.75,
    "pct3ResTime" : 136686.0,
    "throughput" : 0.7315181928574563,
    "receivedKBytesPerSec" : 2.0181043894749164,
    "sentKBytesPerSec" : 0.0
  }
}