{
  "Petición HTTP" : {
    "transaction" : "Petición HTTP",
    "sampleCount" : 100,
    "errorCount" : 100,
    "errorPct" : 100.0,
    "meanResTime" : 135682.45,
    "medianResTime" : 135694.0,
    "minResTime" : 135193.0,
    "maxResTime" : 136081.0,
    "pct1ResTime" : 136061.9,
    "pct2ResTime" : 136075.95,
    "pct3ResTime" : 136080.96,
    "throughput" : 0.734851045693038,
    "receivedKBytesPerSec" : 2.027299027424641,
    "sentKBytesPerSec" : 0.0
  },
  "Total" : {
    "transaction" : "Total",
    "sampleCount" : 100,
    "errorCount" : 100,
    "errorPct" : 100.0,
    "meanResTime" : 135682.45,
    "medianResTime" : 135694.0,
    "minResTime" : 135193.0,
    "maxResTime" : 136081.0,
    "pct1ResTime" : 136061.9,
    "pct2ResTime" : 136075.95,
    "pct3ResTime" : 136080.96,
    "throughput" : 0.734851045693038,
    "receivedKBytesPerSec" : 2.027299027424641,
    "sentKBytesPerSec" : 0.0
  }
}