{
  "Petición HTTP" : {
    "transaction" : "Petición HTTP",
    "sampleCount" : 100,
    "errorCount" : 100,
    "errorPct" : 100.0,
    "meanResTime" : 135981.89,
    "medianResTime" : 135991.0,
    "minResTime" : 135493.0,
    "maxResTime" : 136384.0,
    "pct1ResTime" : 136353.0,
    "pct2ResTime" : 136364.0,
    "pct3ResTime" : 136384.0,
    "throughput" : 0.7332184624408843,
    "receivedKBytesPerSec" : 2.0227950746049785,
    "sentKBytesPerSec" : 0.0
  },
  "Total" : {
    "transaction" : "Total",
    "sampleCount" : 100,
    "errorCount" : 100,
    "errorPct" : 100.0,
    "meanResTime" : 135981.89,
    "medianResTime" : 135991.0,
    "minResTime" : 135493.0,
    "maxResTime" : 136384.0,
    "pct1ResTime" : 136353.0,
    "pct2ResTime" : 136364.0,
    "pct3ResTime" : 136384.0,
    "throughput" : 0.7332184624408843,
    "receivedKBytesPerSec" : 2.0227950746049785,
    "sentKBytesPerSec" : 0.0
  }
}