{
  "Petición HTTP" : {
    "transaction" : "Petición HTTP",
    "sampleCount" : 100,
    "errorCount" : 100,
    "errorPct" : 100.0,
    "meanResTime" : 133723.95,
    "medianResTime" : 132894.5,
    "minResTime" : 132400.0,
    "maxResTime" : 136484.0,
    "pct1ResTime" : 136393.5,
    "pct2ResTime" : 136444.55,
    "pct3ResTime" : 136483.95,
    "throughput" : 0.7293573632272605,
    "receivedKBytesPerSec" : 2.012143116325206,
    "sentKBytesPerSec" : 0.0
  },
  "Total" : {
    "transaction" : "Total",
    "sampleCount" : 100,
    "errorCount" : 100,
    "errorPct" : 100.0,
    "meanResTime" : 133723.95,
    "medianResTime" : 132894.5,
    "minResTime" : 132400.0,
    "maxResTime" : 136484.0,
    "pct1ResTime" : 136393.5,
    "pct2ResTime" : 136444.55,
    "pct3ResTime" : 136483.95,
    "throughput" : 0.7293573632272605,
    "receivedKBytesPerSec" : 2.012143116325206,
    "sentKBytesPerSec" : 0.0
  }
}