{
  "Petición HTTP" : {
    "transaction" : "Petición HTTP",
    "sampleCount" : 100,
    "errorCount" : 100,
    "errorPct" : 100.0,
    "meanResTime" : 133022.15000000002,
    "medianResTime" : 133029.0,
    "minResTime" : 132532.0,
    "maxResTime" : 133412.0,
    "pct1ResTime" : 133408.0,
    "pct2ResTime" : 133410.0,
    "pct3ResTime" : 133412.0,
    "throughput" : 0.749512816669165,
    "receivedKBytesPerSec" : 2.06774776083046,
    "sentKBytesPerSec" : 0.0
  },
  "Total" : {
    "transaction" : "Total",
    "sampleCount" : 100,
    "errorCount" : 100,
    "errorPct" : 100.0,
    "meanResTime" : 133022.15000000002,
    "medianResTime" : 133029.0,
    "minResTime" : 132532.0,
    "maxResTime" : 133412.0,
    "pct1ResTime" : 133408.0,
    "pct2ResTime" : 133410.0,
    "pct3ResTime" : 133412.0,
    "throughput" : 0.749512816669165,
    "receivedKBytesPerSec" : 2.06774776083046,
    "sentKBytesPerSec" : 0.0
  }
}