{
  "Petición HTTP" : {
    "transaction" : "Petición HTTP",
    "sampleCount" : 100,
    "errorCount" : 100,
    "errorPct" : 100.0,
    "meanResTime" : 134185.50999999998,
    "medianResTime" : 132845.0,
    "minResTime" : 132395.0,
    "maxResTime" : 136492.0,
    "pct1ResTime" : 136392.8,
    "pct2ResTime" : 136440.95,
    "pct3ResTime" : 136491.89,
    "throughput" : 0.7301721745987704,
    "receivedKBytesPerSec" : 2.014391009024928,
    "sentKBytesPerSec" : 0.0
  },
  "Total" : {
    "transaction" : "Total",
    "sampleCount" : 100,
    "errorCount" : 100,
    "errorPct" : 100.0,
    "meanResTime" : 134185.50999999998,
    "medianResTime" : 132845.0,
    "minResTime" : 132395.0,
    "maxResTime" : 136492.0,
    "pct1ResTime" : 136392.8,
    "pct2ResTime" : 136440.95,
    "pct3ResTime" : 136491.89,
    "throughput" : 0.7301721745987704,
    "receivedKBytesPerSec" : 2.014391009024928,
    "sentKBytesPerSec" : 0.0
  }
}