{
  "Petición HTTP" : {
    "transaction" : "Petición HTTP",
    "sampleCount" : 100,
    "errorCount" : 100,
    "errorPct" : 100.0,
    "meanResTime" : 134016.47000000006,
    "medianResTime" : 134023.5,
    "minResTime" : 133528.0,
    "maxResTime" : 134407.0,
    "pct1ResTime" : 134403.9,
    "pct2ResTime" : 134405.9,
    "pct3ResTime" : 134406.99,
    "throughput" : 0.7439867272767854,
    "receivedKBytesPerSec" : 2.052502445856366,
    "sentKBytesPerSec" : 0.0
  },
  "Total" : {
    "transaction" : "Total",
    "sampleCount" : 100,
    "errorCount" : 100,
    "errorPct" : 100.0,
    "meanResTime" : 134016.47000000006,
    "medianResTime" : 134023.5,
    "minResTime" : 133528.0,
    "maxResTime" : 134407.0,
    "pct1ResTime" : 134403.9,
    "pct2ResTime" : 134405.9,
    "pct3ResTime" : 134406.99,
    "throughput" : 0.7439867272767854,
    "receivedKBytesPerSec" : 2.052502445856366,
    "sentKBytesPerSec" : 0.0
  }
}