{
  "Petición HTTP" : {
    "transaction" : "Petición HTTP",
    "sampleCount" : 100,
    "errorCount" : 100,
    "errorPct" : 100.0,
    "meanResTime" : 135348.69999999995,
    "medianResTime" : 135354.5,
    "minResTime" : 134856.0,
    "maxResTime" : 135761.0,
    "pct1ResTime" : 135726.5,
    "pct2ResTime" : 135740.85,
    "pct3ResTime" : 135760.98,
    "throughput" : 0.7365777126315712,
    "receivedKBytesPerSec" : 2.0320625372892467,
    "sentKBytesPerSec" : 0.0
  },
  "Total" : {
    "transaction" : "Total",
    "sampleCount" : 100,
    "errorCount" : 100,
    "errorPct" : 100.0,
    "meanResTime" : 135348.69999999995,
    "medianResTime" : 135354.5,
    "minResTime" : 134856.0,
    "maxResTime" : 135761.0,
    "pct1ResTime" : 135726.5,
    "pct2ResTime" : 135740.85,
    "pct3ResTime" : 135760.98,
    "throughput" : 0.7365777126315712,
    "receivedKBytesPerSec" : 2.0320625372892467,
    "sentKBytesPerSec" : 0.0
  }
}