{
  "Petición HTTP" : {
    "transaction" : "Petición HTTP",
    "sampleCount" : 100,
    "errorCount" : 100,
    "errorPct" : 100.0,
    "meanResTime" : 133875.6300000001,
    "medianResTime" : 132891.0,
    "minResTime" : 132396.0,
    "maxResTime" : 136485.0,
    "pct1ResTime" : 136393.3,
    "pct2ResTime" : 136442.45,
    "pct3ResTime" : 136484.92,
    "throughput" : 0.7296394122024895,
    "receivedKBytesPerSec" : 2.012921229953157,
    "sentKBytesPerSec" : 0.0
  },
  "Total" : {
    "transaction" : "Total",
    "sampleCount" : 100,
    "errorCount" : 100,
    "errorPct" : 100.0,
    "meanResTime" : 133875.6300000001,
    "medianResTime" : 132891.0,
    "minResTime" : 132396.0,
    "maxResTime" : 136485.0,
    "pct1ResTime" : 136393.3,
    "pct2ResTime" : 136442.45,
    "pct3ResTime" : 136484.92,
    "throughput" : 0.7296394122024895,
    "receivedKBytesPerSec" : 2.012921229953157,
    "sentKBytesPerSec" : 0.0
  }
}