{
  "Petición HTTP" : {
    "transaction" : "Petición HTTP",
    "sampleCount" : 100,
    "errorCount" : 100,
    "errorPct" : 100.0,
    "meanResTime" : 134026.29,
    "medianResTime" : 134030.0,
    "minResTime" : 133540.0,
    "maxResTime" : 134414.0,
    "pct1ResTime" : 134396.9,
    "pct2ResTime" : 134398.95,
    "pct3ResTime" : 134413.94,
    "throughput" : 0.7439258454717234,
    "receivedKBytesPerSec" : 2.052334485798456,
    "sentKBytesPerSec" : 0.0
  },
  "Total" : {
    "transaction" : "Total",
    "sampleCount" : 100,
    "errorCount" : 100,
    "errorPct" : 100.0,
    "meanResTime" : 134026.29,
    "medianResTime" : 134030.0,
    "minResTime" : 133540.0,
    "maxResTime" : 134414.0,
    "pct1ResTime" : 134396.9,
    "pct2ResTime" : 134398.95,
    "pct3ResTime" : 134413.94,
    "throughput" : 0.7439258454717234,
    "receivedKBytesPerSec" : 2.052334485798456,
    "sentKBytesPerSec" : 0.0
  }
}