{
  "Petición HTTP" : {
    "transaction" : "Petición HTTP",
    "sampleCount" : 100,
    "errorCount" : 100,
    "errorPct" : 100.0,
    "meanResTime" : 134755.77000000002,
    "medianResTime" : 134777.0,
    "minResTime" : 134276.0,
    "maxResTime" : 135168.0,
    "pct1ResTime" : 135132.0,
    "pct2ResTime" : 135147.6,
    "pct3ResTime" : 135168.0,
    "throughput" : 0.7397927100826348,
    "receivedKBytesPerSec" : 2.0409320370932065,
    "sentKBytesPerSec" : 0.0
  },
  "Total" : {
    "transaction" : "Total",
    "sampleCount" : 100,
    "errorCount" : 100,
    "errorPct" : 100.0,
    "meanResTime" : 134755.77000000002,
    "medianResTime" : 134777.0,
    "minResTime" : 134276.0,
    "maxResTime" : 135168.0,
    "pct1ResTime" : 135132.0,
    "pct2ResTime" : 135147.6,
    "pct3ResTime" : 135168.0,
    "throughput" : 0.7397927100826348,
    "receivedKBytesPerSec" : 2.0409320370932065,
    "sentKBytesPerSec" : 0.0
  }
}