{
  "Petición HTTP" : {
    "transaction" : "Petición HTTP",
    "sampleCount" : 100,
    "errorCount" : 100,
    "errorPct" : 100.0,
    "meanResTime" : 133729.57000000004,
    "medianResTime" : 133752.5,
    "minResTime" : 133236.0,
    "maxResTime" : 134134.0,
    "pct1ResTime" : 134092.9,
    "pct2ResTime" : 134110.2,
    "pct3ResTime" : 134133.89,
    "throughput" : 0.7455231335828351,
    "receivedKBytesPerSec" : 2.056741066769052,
    "sentKBytesPerSec" : 0.0
  },
  "Total" : {
    "transaction" : "Total",
    "sampleCount" : 100,
    "errorCount" : 100,
    "errorPct" : 100.0,
    "meanResTime" : 133729.57000000004,
    "medianResTime" : 133752.5,
    "minResTime" : 133236.0,
    "maxResTime" : 134134.0,
    "pct1ResTime" : 134092.9,
    "pct2ResTime" : 134110.2,
    "pct3ResTime" : 134133.89,
    "throughput" : 0.7455231335828351,
    "receivedKBytesPerSec" : 2.056741066769052,
    "sentKBytesPerSec" : 0.0
  }
}