{
  "Petición HTTP" : {
    "transaction" : "Petición HTTP",
    "sampleCount" : 100,
    "errorCount" : 100,
    "errorPct" : 100.0,
    "meanResTime" : 133136.92999999993,
    "medianResTime" : 133143.0,
    "minResTime" : 132647.0,
    "maxResTime" : 133535.0,
    "pct1ResTime" : 133530.9,
    "pct2ResTime" : 133532.95,
    "pct3ResTime" : 133534.99,
    "throughput" : 0.7487888340609065,
    "receivedKBytesPerSec" : 2.065750445529356,
    "sentKBytesPerSec" : 0.0
  },
  "Total" : {
    "transaction" : "Total",
    "sampleCount" : 100,
    "errorCount" : 100,
    "errorPct" : 100.0,
    "meanResTime" : 133136.92999999993,
    "medianResTime" : 133143.0,
    "minResTime" : 132647.0,
    "maxResTime" : 133535.0,
    "pct1ResTime" : 133530.9,
    "pct2ResTime" : 133532.95,
    "pct3ResTime" : 133534.99,
    "throughput" : 0.7487888340609065,
    "receivedKBytesPerSec" : 2.065750445529356,
    "sentKBytesPerSec" : 0.0
  }
}