{
  "Petición HTTP" : {
    "transaction" : "Petición HTTP",
    "sampleCount" : 100,
    "errorCount" : 100,
    "errorPct" : 100.0,
    "meanResTime" : 133873.77000000002,
    "medianResTime" : 132892.0,
    "minResTime" : 132396.0,
    "maxResTime" : 136481.0,
    "pct1ResTime" : 136391.9,
    "pct2ResTime" : 136439.45,
    "pct3ResTime" : 136480.89,
    "throughput" : 0.7296766802629755,
    "receivedKBytesPerSec" : 2.0130240446708063,
    "sentKBytesPerSec" : 0.0
  },
  "Total" : {
    "transaction" : "Total",
    "sampleCount" : 100,
    "errorCount" : 100,
    "errorPct" : 100.0,
    "meanResTime" : 133873.77000000002,
    "medianResTime" : 132892.0,
    "minResTime" : 132396.0,
    "maxResTime" : 136481.0,
    "pct1ResTime" : 136391.9,
    "pct2ResTime" : 136439.45,
    "pct3ResTime" : 136480.89,
    "throughput" : 0.7296766802629755,
    "receivedKBytesPerSec" : 2.0130240446708063,
    "sentKBytesPerSec" : 0.0
  }
}