{
  "Petición HTTP" : {
    "transaction" : "Petición HTTP",
    "sampleCount" : 100,
    "errorCount" : 100,
    "errorPct" : 100.0,
    "meanResTime" : 135339.69000000003,
    "medianResTime" : 135346.0,
    "minResTime" : 134850.0,
    "maxResTime" : 135738.0,
    "pct1ResTime" : 135731.9,
    "pct2ResTime" : 135735.95,
    "pct3ResTime" : 135737.98,
    "throughput" : 0.7367079468686228,
    "receivedKBytesPerSec" : 2.032421826077988,
    "sentKBytesPerSec" : 0.0
  },
  "Total" : {
    "transaction" : "Total",
    "sampleCount" : 100,
    "errorCount" : 100,
    "errorPct" : 100.0,
    "meanResTime" : 135339.69000000003,
    "medianResTime" : 135346.0,
    "minResTime" : 134850.0,
    "maxResTime" : 135738.0,
    "pct1ResTime" : 135731.9,
    "pct2ResTime" : 135735.95,
    "pct3ResTime" : 135737.98,
    "throughput" : 0.7367079468686228,
    "receivedKBytesPerSec" : 2.032421826077988,
    "sentKBytesPerSec" : 0.0
  }
}