{
  "Petición HTTP" : {
    "transaction" : "Petición HTTP",
    "sampleCount" : 100,
    "errorCount" : 100,
    "errorPct" : 100.0,
    "meanResTime" : 134451.56999999995,
    "medianResTime" : 134460.0,
    "minResTime" : 133966.0,
    "maxResTime" : 134831.0,
    "pct1ResTime" : 134829.0,
    "pct2ResTime" : 134830.0,
    "pct3ResTime" : 134831.0,
    "throughput" : 0.741647198427708,
    "receivedKBytesPerSec" : 2.0460481792561276,
    "sentKBytesPerSec" : 0.0
  },
  "Total" : {
    "transaction" : "Total",
    "sampleCount" : 100,
    "errorCount" : 100,
    "errorPct" : 100.0,
    "meanResTime" : 134451.56999999995,
    "medianResTime" : 134460.0,
    "minResTime" : 133966.0,
    "maxResTime" : 134831.0,
    "pct1ResTime" : 134829.0,
    "pct2ResTime" : 134830.0,
    "pct3ResTime" : 134831.0,
    "throughput" : 0.741647198427708,
    "receivedKBytesPerSec" : 2.0460481792561276,
    "sentKBytesPerSec" : 0.0
  }
}