{
  "Petición HTTP" : {
    "transaction" : "Petición HTTP",
    "sampleCount" : 100,
    "errorCount" : 100,
    "errorPct" : 100.0,
    "meanResTime" : 641.5900000000004,
    "medianResTime" : 669.5,
    "minResTime" : 190.0,
    "maxResTime" : 1147.0,
    "pct1ResTime" : 1032.7,
    "pct2ResTime" : 1093.2999999999997,
    "pct3ResTime" : 1146.84,
    "throughput" : 87.10801393728224,
    "receivedKBytesPerSec" : 8.421575566202092,
    "sentKBytesPerSec" : 12.674896559233451
  },
  "Total" : {
    "transaction" : "Total",
    "sampleCount" : 100,
    "errorCount" : 100,
    "errorPct" : 100.0,
    "meanResTime" : 641.5900000000004,
    "medianResTime" : 669.5,
    "minResTime" : 190.0,
    "maxResTime" : 1147.0,
    "pct1ResTime" : 1032.7,
    "pct2ResTime" : 1093.2999999999997,
    "pct3ResTime" : 1146.84,
    "throughput" : 87.10801393728224,
    "receivedKBytesPerSec" : 8.421575566202092,
    "sentKBytesPerSec" : 12.674896559233451
  }
}