{
  "Petición HTTP" : {
    "transaction" : "Petición HTTP",
    "sampleCount" : 100,
    "errorCount" : 100,
    "errorPct" : 100.0,
    "meanResTime" : 1444.89,
    "medianResTime" : 1455.5,
    "minResTime" : 935.0,
    "maxResTime" : 1915.0,
    "pct1ResTime" : 1832.9,
    "pct2ResTime" : 1887.1,
    "pct3ResTime" : 1914.84,
    "throughput" : 52.029136316337144,
    "receivedKBytesPerSec" : 12.753235561914673,
    "sentKBytesPerSec" : 7.5706458116545265
  },
  "Total" : {
    "transaction" : "Total",
    "sampleCount" : 100,
    "errorCount" : 100,
    "errorPct" : 100.0,
    "meanResTime" : 1444.89,
    "medianResTime" : 1455.5,
    "minResTime" : 935.0,
    "maxResTime" : 1915.0,
    "pct1ResTime" : 1832.9,
    "pct2ResTime" : 1887.1,
    "pct3ResTime" : 1914.84,
    "throughput" : 52.029136316337144,
    "receivedKBytesPerSec" : 12.753235561914673,
    "sentKBytesPerSec" : 7.5706458116545265
  }
}