{
  "Petición HTTP" : {
    "transaction" : "Petición HTTP",
    "sampleCount" : 100,
    "errorCount" : 100,
    "errorPct" : 100.0,
    "meanResTime" : 134758.75999999998,
    "medianResTime" : 134767.5,
    "minResTime" : 134271.0,
    "maxResTime" : 135144.0,
    "pct1ResTime" : 135140.9,
    "pct2ResTime" : 135141.0,
    "pct3ResTime" : 135143.99,
    "throughput" : 0.7399514591842775,
    "receivedKBytesPerSec" : 2.0413699923785,
    "sentKBytesPerSec" : 0.0
  },
  "Total" : {
    "transaction" : "Total",
    "sampleCount" : 100,
    "errorCount" : 100,
    "errorPct" : 100.0,
    "meanResTime" : 134758.75999999998,
    "medianResTime" : 134767.5,
    "minResTime" : 134271.0,
    "maxResTime" : 135144.0,
    "pct1ResTime" : 135140.9,
    "pct2ResTime" : 135141.0,
    "pct3ResTime" : 135143.99,
    "throughput" : 0.7399514591842775,
    "receivedKBytesPerSec" : 2.0413699923785,
    "sentKBytesPerSec" : 0.0
  }
}