{
  "Petición HTTP" : {
    "transaction" : "Petición HTTP",
    "sampleCount" : 100,
    "errorCount" : 100,
    "errorPct" : 100.0,
    "meanResTime" : 803.7700000000002,
    "medianResTime" : 811.5,
    "minResTime" : 278.0,
    "maxResTime" : 1218.0,
    "pct1ResTime" : 1180.0,
    "pct2ResTime" : 1202.85,
    "pct3ResTime" : 1217.98,
    "throughput" : 81.69934640522877,
    "receivedKBytesPerSec" : 35.424325980392155,
    "sentKBytesPerSec" : 11.887893178104575
  },
  "Total" : {
    "transaction" : "Total",
    "sampleCount" : 100,
    "errorCount" : 100,
    "errorPct" : 100.0,
    "meanResTime" : 803.7700000000002,
    "medianResTime" : 811.5,
    "minResTime" : 278.0,
    "maxResTime" : 1218.0,
    "pct1ResTime" : 1180.0,
    "pct2ResTime" : 1202.85,
    "pct3ResTime" : 1217.98,
    "throughput" : 81.69934640522877,
    "receivedKBytesPerSec" : 35.424325980392155,
    "sentKBytesPerSec" : 11.887893178104575
  }
}