{
  "Petición HTTP" : {
    "transaction" : "Petición HTTP",
    "sampleCount" : 100,
    "errorCount" : 100,
    "errorPct" : 100.0,
    "meanResTime" : 133622.08000000002,
    "medianResTime" : 133619.0,
    "minResTime" : 133149.0,
    "maxResTime" : 134042.0,
    "pct1ResTime" : 133998.0,
    "pct2ResTime" : 134014.85,
    "pct3ResTime" : 134041.91,
    "throughput" : 0.7460292592675485,
    "receivedKBytesPerSec" : 2.0581373607722893,
    "sentKBytesPerSec" : 0.0
  },
  "Total" : {
    "transaction" : "Total",
    "sampleCount" : 100,
    "errorCount" : 100,
    "errorPct" : 100.0,
    "meanResTime" : 133622.08000000002,
    "medianResTime" : 133619.0,
    "minResTime" : 133149.0,
    "maxResTime" : 134042.0,
    "pct1ResTime" : 133998.0,
    "pct2ResTime" : 134014.85,
    "pct3ResTime" : 134041.91,
    "throughput" : 0.7460292592675485,
    "receivedKBytesPerSec" : 2.0581373607722893,
    "sentKBytesPerSec" : 0.0
  }
}