{
  "Petición HTTP" : {
    "transaction" : "Petición HTTP",
    "sampleCount" : 100,
    "errorCount" : 100,
    "errorPct" : 100.0,
    "meanResTime" : 136618.66,
    "medianResTime" : 136626.0,
    "minResTime" : 136133.0,
    "maxResTime" : 137008.0,
    "pct1ResTime" : 137003.9,
    "pct2ResTime" : 137006.0,
    "pct3ResTime" : 137007.99,
    "throughput" : 0.729884386313208,
    "receivedKBytesPerSec" : 2.013597061850403,
    "sentKBytesPerSec" : 0.0
  },
  "Total" : {
    "transaction" : "Total",
    "sampleCount" : 100,
    "errorCount" : 100,
    "errorPct" : 100.0,
    "meanResTime" : 136618.66,
    "medianResTime" : 136626.0,
    "minResTime" : 136133.0,
    "maxResTime" : 137008.0,
    "pct1ResTime" : 137003.9,
    "pct2ResTime" : 137006.0,
    "pct3ResTime" : 137007.99,
    "throughput" : 0.729884386313208,
    "receivedKBytesPerSec" : 2.013597061850403,
    "sentKBytesPerSec" : 0.0
  }
}