{
  "Petición HTTP" : {
    "transaction" : "Petición HTTP",
    "sampleCount" : 100,
    "errorCount" : 100,
    "errorPct" : 100.0,
    "meanResTime" : 136259.1599999999,
    "medianResTime" : 136268.5,
    "minResTime" : 135770.0,
    "maxResTime" : 136640.0,
    "pct1ResTime" : 136638.0,
    "pct2ResTime" : 136639.0,
    "pct3ResTime" : 136640.0,
    "throughput" : 0.7317965605561654,
    "receivedKBytesPerSec" : 2.018872347237468,
    "sentKBytesPerSec" : 0.0
  },
  "Total" : {
    "transaction" : "Total",
    "sampleCount" : 100,
    "errorCount" : 100,
    "errorPct" : 100.0,
    "meanResTime" : 136259.1599999999,
    "medianResTime" : 136268.5,
    "minResTime" : 135770.0,
    "maxResTime" : 136640.0,
    "pct1ResTime" : 136638.0,
    "pct2ResTime" : 136639.0,
    "pct3ResTime" : 136640.0,
    "throughput" : 0.7317965605561654,
    "receivedKBytesPerSec" : 2.018872347237468,
    "sentKBytesPerSec" : 0.0
  }
}